Date,cambio,moeda
2023-10-27,5.0153,BRL
2023-10-26,4.9861,BRL
2023-10-25,4.9947,BRL
2023-10-24,4.9908,BRL
2023-10-23,5.0112,BRL
2023-10-20,5.0312,BRL
2023-10-19,5.0646,BRL
2023-10-18,5.0591,BRL
2023-10-17,5.0414,BRL
2023-10-16,5.0377,BRL
2023-10-13,5.0801,BRL
2023-10-12,5.046,BRL
2023-10-11,5.0483,BRL
2023-10-10,5.0516,BRL
2023-10-09,5.1355,BRL
2023-10-06,5.1457,BRL
2023-10-05,5.1658,BRL
2023-10-04,5.1562,BRL
2023-10-03,5.1669,BRL
2023-10-02,5.061,BRL
2023-09-29,5.032,BRL
2023-09-28,5.0331,BRL
2023-09-27,5.0425,BRL
2023-09-26,4.9898,BRL
2023-09-25,4.9678,BRL
2023-09-22,4.9351,BRL
2023-09-21,4.9351,BRL
2023-09-20,4.8801,BRL
2023-09-19,4.8673,BRL
2023-09-18,4.8556,BRL
2023-09-15,4.8663,BRL
2023-09-14,4.8668,BRL
2023-09-13,4.9153,BRL
2023-09-12,4.947,BRL
2023-09-11,4.9307,BRL
2023-09-08,4.9882,BRL
2023-09-07,4.9767,BRL
2023-09-06,4.9784,BRL
2023-09-05,4.9671,BRL
2023-09-04,4.9376,BRL
2023-09-01,4.9463,BRL
2023-08-31,4.9544,BRL
2023-08-30,4.889,BRL
2023-08-29,4.8523,BRL
2023-08-28,4.8731,BRL
2023-08-25,4.8711,BRL
2023-08-24,4.8802,BRL
2023-08-23,4.8572,BRL
2023-08-22,4.9386,BRL
2023-08-21,4.9793,BRL
2023-08-18,4.9694,BRL
2023-08-17,4.9758,BRL
2023-08-16,4.9879,BRL
2023-08-15,4.9845,BRL
2023-08-14,4.9615,BRL
2023-08-11,4.9048,BRL
2023-08-10,4.8924,BRL
2023-08-09,4.902,BRL
2023-08-08,4.8996,BRL
2023-08-07,4.8999,BRL
2023-08-04,4.8733,BRL
2023-08-03,4.917,BRL
2023-08-02,4.812,BRL
2023-08-01,4.7911,BRL
2023-07-31,4.7241,BRL
2023-07-28,4.7336,BRL
2023-07-27,4.7424,BRL
2023-07-26,4.7364,BRL
2023-07-25,4.7498,BRL
2023-07-24,4.7271,BRL
2023-07-21,4.7795,BRL
2023-07-20,4.798,BRL
2023-07-19,4.7909,BRL
2023-07-18,4.8105,BRL
2023-07-17,4.8066,BRL
2023-07-14,4.7894,BRL
2023-07-13,4.7971,BRL
2023-07-12,4.8184,BRL
2023-07-11,4.8538,BRL
2023-07-10,4.8978,BRL
2023-07-07,4.872,BRL
2023-07-06,4.9193,BRL
2023-07-05,4.8478,BRL
2023-07-04,4.8408,BRL
2023-07-03,4.8077,BRL
2023-06-30,4.786,BRL
2023-06-29,4.8553,BRL
2023-06-28,4.8506,BRL
2023-06-27,4.8103,BRL
2023-06-26,4.7675,BRL
2023-06-23,4.7864,BRL
2023-06-22,4.7689,BRL
2023-06-21,4.763,BRL
2023-06-20,4.7902,BRL
2023-06-19,4.7772,BRL
2023-06-16,4.8199,BRL
2023-06-15,4.8102,BRL
2023-06-14,4.8146,BRL
2023-06-13,4.8622,BRL
2023-06-12,4.8613,BRL
2023-06-09,4.8791,BRL
2023-06-07,4.9235,BRL
2023-06-06,4.9125,BRL
2023-06-05,4.9289,BRL
2023-06-02,4.9571,BRL
2023-06-01,5.014,BRL
2023-05-31,5.0574,BRL
2023-05-30,5.0357,BRL
2023-05-29,5.0171,BRL
2023-05-26,4.9939,BRL
2023-05-25,5.0356,BRL
2023-05-24,4.9619,BRL
2023-05-23,4.9714,BRL
2023-05-22,4.9667,BRL
2023-05-19,4.9981,BRL
2023-05-18,4.9652,BRL
2023-05-17,4.9396,BRL
2023-05-16,4.9402,BRL
2023-05-15,4.8904,BRL
2023-05-12,4.9195,BRL
2023-05-11,4.9295,BRL
2023-05-10,4.9424,BRL
2023-05-09,4.9862,BRL
2023-05-08,5.0097,BRL
2023-05-05,4.9518,BRL
2023-05-04,4.9822,BRL
2023-05-03,4.9949,BRL
2023-05-02,5.0387,BRL
2023-05-01,4.9889,BRL
2023-04-28,4.9865,BRL
2023-04-27,4.9771,BRL
2023-04-26,5.0435,BRL
2023-04-25,5.0497,BRL
2023-04-24,5.0337,BRL
2023-04-21,5.0486,BRL
2023-04-20,5.0486,BRL
2023-04-19,5.0753,BRL
2023-04-18,4.984,BRL
2023-04-17,4.9413,BRL
2023-04-14,4.9096,BRL
2023-04-13,4.9272,BRL
2023-04-12,4.9181,BRL
2023-04-11,5.0054,BRL
2023-04-10,5.0655,BRL
2023-04-07,5.0549,BRL
2023-04-06,5.057,BRL
2023-04-05,5.034,BRL
2023-04-04,5.0716,BRL
2023-04-03,5.0632,BRL
2023-03-31,5.0631,BRL
2023-03-30,5.0938,BRL
2023-03-29,5.1356,BRL
2023-03-28,5.1655,BRL
2023-03-27,5.1983,BRL
2023-03-24,5.2463,BRL
2023-03-23,5.2973,BRL
2023-03-22,5.2369,BRL
2023-03-21,5.243,BRL
2023-03-20,5.2368,BRL
2023-03-17,5.2778,BRL
2023-03-16,5.2285,BRL
2023-03-15,5.2882,BRL
2023-03-14,5.2543,BRL
2023-03-13,5.2459,BRL
2023-03-10,5.2166,BRL
2023-03-09,5.1645,BRL
2023-03-08,5.1453,BRL
2023-03-07,5.191,BRL
2023-03-06,5.1534,BRL
2023-03-03,5.1956,BRL
2023-03-02,5.2006,BRL
2023-03-01,5.1794,BRL
2023-02-28,5.2367,BRL
2023-02-27,5.2008,BRL
2023-02-24,5.21,BRL
2023-02-23,5.1373,BRL
2023-02-22,5.1522,BRL
2023-02-21,5.1675,BRL
2023-02-20,5.1674,BRL
2023-02-17,5.1674,BRL
2023-02-16,5.2178,BRL
2023-02-15,5.219,BRL
2023-02-14,5.1923,BRL
2023-02-13,5.1596,BRL
2023-02-10,5.2151,BRL
2023-02-09,5.2911,BRL
2023-02-08,5.2007,BRL
2023-02-07,5.2101,BRL
2023-02-06,5.1464,BRL
2023-02-03,5.1522,BRL
2023-02-02,5.0504,BRL
2023-02-01,5.0547,BRL
2023-01-31,5.0731,BRL
2023-01-30,5.1162,BRL
2023-01-27,5.1089,BRL
2023-01-26,5.0658,BRL
2023-01-25,5.0734,BRL
2023-01-24,5.1392,BRL
2023-01-23,5.2076,BRL
2023-01-20,5.2074,BRL
2023-01-19,5.1741,BRL
2023-01-18,5.1863,BRL
2023-01-17,5.1003,BRL
2023-01-16,5.1474,BRL
2023-01-13,5.0956,BRL
2023-01-12,5.1082,BRL
2023-01-11,5.16,BRL
2023-01-10,5.1997,BRL
2023-01-09,5.2546,BRL
2023-01-06,5.2254,BRL
2023-01-05,5.3509,BRL
2023-01-04,5.4312,BRL
2023-01-03,5.4797,BRL
2023-01-02,5.3633,BRL
2022-12-29,5.286,BRL
2022-12-28,5.2676,BRL
2022-12-27,5.2928,BRL
2022-12-26,5.2186,BRL
2022-12-23,5.1652,BRL
2022-12-22,5.1665,BRL
2022-12-21,5.2009,BRL
2022-12-20,5.1996,BRL
2022-12-19,5.293,BRL
2022-12-16,5.314,BRL
2022-12-15,5.313,BRL
2022-12-14,5.2787,BRL
2022-12-13,5.2938,BRL
2022-12-12,5.3226,BRL
2022-12-09,5.24,BRL
2022-12-08,5.2253,BRL
2022-12-07,5.2048,BRL
2022-12-06,5.2352,BRL
2022-12-05,5.2809,BRL
2022-12-02,5.2189,BRL
2022-12-01,5.1848,BRL
2022-11-30,5.1851,BRL
2022-11-29,5.2695,BRL
2022-11-28,5.3654,BRL
2022-11-25,5.4098,BRL
2022-11-24,5.3208,BRL
2022-11-23,5.3591,BRL
2022-11-22,5.3586,BRL
2022-11-21,5.32,BRL
2022-11-18,5.3827,BRL
2022-11-17,5.4231,BRL
2022-11-16,5.3998,BRL
2022-11-15,5.3325,BRL
2022-11-14,5.3321,BRL
2022-11-11,5.325,BRL
2022-11-10,5.3449,BRL
2022-11-09,5.1864,BRL
2022-11-08,5.144,BRL
2022-11-07,5.1567,BRL
2022-11-04,5.0557,BRL
2022-11-03,5.1137,BRL
2022-11-02,5.1432,BRL
2022-11-01,5.1475,BRL
2022-10-31,5.1791,BRL
2022-10-28,5.2949,BRL
2022-10-27,5.3449,BRL
2022-10-26,5.3804,BRL
2022-10-25,5.3167,BRL
2022-10-24,5.3032,BRL
2022-10-21,5.1605,BRL
2022-10-20,5.2147,BRL
2022-10-19,5.27,BRL
2022-10-18,5.2405,BRL
2022-10-17,5.2808,BRL
2022-10-14,5.3252,BRL
2022-10-13,5.2626,BRL
2022-10-12,5.293,BRL
2022-10-11,5.3005,BRL
2022-10-10,5.1901,BRL
2022-10-07,5.1996,BRL
2022-10-06,5.2217,BRL
2022-10-05,5.194,BRL
2022-10-04,5.177,BRL
2022-10-03,5.1672,BRL
2022-09-30,5.4154,BRL
2022-09-29,5.3964,BRL
2022-09-28,5.3745,BRL
2022-09-27,5.3824,BRL
2022-09-26,5.3898,BRL
2022-09-23,5.2595,BRL
2022-09-22,5.1166,BRL
2022-09-21,5.1716,BRL
2022-09-20,5.1417,BRL
2022-09-19,5.167,BRL
2022-09-16,5.2531,BRL
2022-09-15,5.247,BRL
2022-09-14,5.1631,BRL
2022-09-13,5.1911,BRL
2022-09-12,5.093,BRL
2022-09-09,5.1462,BRL
2022-09-08,5.2141,BRL
2022-09-07,5.248,BRL
2022-09-06,5.2528,BRL
2022-09-05,5.1516,BRL
2022-09-02,5.1681,BRL
2022-09-01,5.2416,BRL
2022-08-31,5.1831,BRL
2022-08-30,5.1223,BRL
2022-08-29,5.0282,BRL
2022-08-26,5.0601,BRL
2022-08-25,5.1099,BRL
2022-08-24,5.1114,BRL
2022-08-23,5.1037,BRL
2022-08-22,5.1574,BRL
2022-08-19,5.1697,BRL
2022-08-18,5.1674,BRL
2022-08-17,5.1642,BRL
2022-08-16,5.1459,BRL
2022-08-15,5.0961,BRL
2022-08-12,5.0735,BRL
2022-08-11,5.1581,BRL
2022-08-10,5.0927,BRL
2022-08-09,5.1237,BRL
2022-08-08,5.1117,BRL
2022-08-05,5.1646,BRL
2022-08-04,5.2164,BRL
2022-08-03,5.2815,BRL
2022-08-02,5.2784,BRL
2022-08-01,5.1838,BRL
2022-07-29,5.1734,BRL
2022-07-28,5.1823,BRL
2022-07-27,5.2432,BRL
2022-07-26,5.3511,BRL
2022-07-25,5.3576,BRL
2022-07-22,5.4968,BRL
2022-07-21,5.4968,BRL
2022-07-20,5.4714,BRL
2022-07-19,5.4135,BRL
2022-07-18,5.4375,BRL
2022-07-15,5.4082,BRL
2022-07-14,5.4233,BRL
2022-07-13,5.3917,BRL
2022-07-12,5.4368,BRL
2022-07-11,5.3782,BRL
2022-07-08,5.2536,BRL
2022-07-07,5.3391,BRL
2022-07-06,5.4287,BRL
2022-07-05,5.3861,BRL
2022-07-04,5.3293,BRL
2022-07-01,5.331,BRL
2022-06-30,5.2562,BRL
2022-06-29,5.1818,BRL
2022-06-28,5.2675,BRL
2022-06-27,5.2366,BRL
2022-06-24,5.2417,BRL
2022-06-23,5.2406,BRL
2022-06-22,5.194,BRL
2022-06-21,5.1257,BRL
2022-06-20,5.188,BRL
2022-06-17,5.1518,BRL
2022-06-16,5.0535,BRL
2022-06-15,5.0536,BRL
2022-06-14,5.1168,BRL
2022-06-13,5.1154,BRL
2022-06-10,4.9865,BRL
2022-06-09,4.9063,BRL
2022-06-08,4.8988,BRL
2022-06-07,4.8696,BRL
2022-06-06,4.7945,BRL
2022-06-03,4.7734,BRL
2022-06-02,4.7962,BRL
2022-06-01,4.8151,BRL
2022-05-31,4.7315,BRL
2022-05-30,4.7526,BRL
2022-05-27,4.7295,BRL
2022-05-26,4.7677,BRL
2022-05-25,4.8275,BRL
2022-05-24,4.8191,BRL
2022-05-23,4.813,BRL
2022-05-20,4.8788,BRL
2022-05-19,4.9309,BRL
2022-05-18,4.9682,BRL
2022-05-17,4.9387,BRL
2022-05-16,5.0599,BRL
2022-05-13,5.0602,BRL
2022-05-12,5.1339,BRL
2022-05-11,5.1373,BRL
2022-05-10,5.1313,BRL
2022-05-09,5.1617,BRL
2022-05-06,5.0774,BRL
2022-05-05,5.028,BRL
2022-05-04,4.9198,BRL
2022-05-03,4.9584,BRL
2022-05-02,5.0848,BRL
2022-04-29,4.9721,BRL
2022-04-28,4.9425,BRL
2022-04-27,4.9651,BRL
2022-04-26,4.9989,BRL
2022-04-25,4.8766,BRL
2022-04-22,4.7937,BRL
2022-04-21,4.622,BRL
2022-04-20,4.6219,BRL
2022-04-19,4.6675,BRL
2022-04-18,4.6527,BRL
2022-04-15,4.6965,BRL
2022-04-14,4.7013,BRL
2022-04-13,4.6899,BRL
2022-04-12,4.6735,BRL
2022-04-11,4.6944,BRL
2022-04-08,4.697,BRL
2022-04-07,4.7524,BRL
2022-04-06,4.7161,BRL
2022-04-05,4.6506,BRL
2022-04-04,4.5928,BRL
2022-04-01,4.6575,BRL
2022-03-31,4.739,BRL
2022-03-30,4.7685,BRL
2022-03-29,4.7561,BRL
2022-03-28,4.7675,BRL
2022-03-25,4.742,BRL
2022-03-24,4.8253,BRL
2022-03-23,4.8258,BRL
2022-03-22,4.9094,BRL
2022-03-21,4.9354,BRL
2022-03-18,5.0231,BRL
2022-03-17,5.039,BRL
2022-03-16,5.0757,BRL
2022-03-15,5.1631,BRL
2022-03-14,5.1193,BRL
2022-03-11,5.0745,BRL
2022-03-10,5.011,BRL
2022-03-09,5.0123,BRL
2022-03-08,5.0599,BRL
2022-03-07,5.1115,BRL
2022-03-04,5.062,BRL
2022-03-03,5.032,BRL
2022-03-02,5.0995,BRL
2022-03-01,5.1595,BRL
2022-02-28,5.1599,BRL
2022-02-25,5.1623,BRL
2022-02-24,5.1231,BRL
2022-02-23,5.0097,BRL
2022-02-22,5.0583,BRL
2022-02-21,5.1036,BRL
2022-02-18,5.1385,BRL
2022-02-17,5.1718,BRL
2022-02-16,5.1365,BRL
2022-02-15,5.159,BRL
2022-02-14,5.2149,BRL
2022-02-11,5.2527,BRL
2022-02-10,5.2496,BRL
2022-02-09,5.2354,BRL
2022-02-08,5.2593,BRL
2022-02-07,5.2636,BRL
2022-02-04,5.3279,BRL
2022-02-03,5.2839,BRL
2022-02-02,5.262,BRL
2022-02-01,5.2655,BRL
2022-01-31,5.3041,BRL
2022-01-28,5.3674,BRL
2022-01-27,5.4065,BRL
2022-01-26,5.4324,BRL
2022-01-25,5.4437,BRL
2022-01-24,5.4877,BRL
2022-01-21,5.4582,BRL
2022-01-20,5.4191,BRL
2022-01-19,5.4383,BRL
2022-01-18,5.5666,BRL
2022-01-17,5.5165,BRL
2022-01-14,5.5344,BRL
2022-01-13,5.5286,BRL
2022-01-12,5.5338,BRL
2022-01-11,5.5686,BRL
2022-01-10,5.6633,BRL
2022-01-07,5.6355,BRL
2022-01-06,5.6834,BRL
2022-01-05,5.7087,BRL
2022-01-04,5.677,BRL
2022-01-03,5.6818,BRL
2021-12-31,5.5703,BRL
2021-12-30,5.571,BRL
2021-12-29,5.7032,BRL
2021-12-28,5.6283,BRL
2021-12-27,5.6249,BRL
2021-12-24,5.675,BRL
2021-12-23,5.6749,BRL
2021-12-22,5.654,BRL
2021-12-21,5.7451,BRL
2021-12-20,5.742,BRL
2021-12-17,5.6959,BRL
2021-12-16,5.6884,BRL
2021-12-15,5.6806,BRL
2021-12-14,5.6815,BRL
2021-12-13,5.6804,BRL
2021-12-10,5.6127,BRL
2021-12-09,5.5727,BRL
2021-12-08,5.5327,BRL
2021-12-07,5.6128,BRL
2021-12-06,5.6891,BRL
2021-12-03,5.6532,BRL
2021-12-02,5.6462,BRL
2021-12-01,5.6955,BRL
2021-11-30,5.6239,BRL
2021-11-29,5.6017,BRL
2021-11-26,5.6093,BRL
2021-11-25,5.5664,BRL
2021-11-24,5.6061,BRL
2021-11-23,5.5712,BRL
2021-11-22,5.5865,BRL
2021-11-19,5.6135,BRL
2021-11-18,5.5576,BRL
2021-11-17,5.5292,BRL
2021-11-16,5.5028,BRL
2021-11-15,5.4575,BRL
2021-11-12,5.4588,BRL
2021-11-11,5.3989,BRL
2021-11-10,5.491,BRL
2021-11-09,5.4804,BRL
2021-11-08,5.544,BRL
2021-11-05,5.5428,BRL
2021-11-04,5.602,BRL
2021-11-03,5.5525,BRL
2021-11-02,5.6795,BRL
2021-11-01,5.6815,BRL
2021-10-29,5.6372,BRL
2021-10-28,5.6464,BRL
2021-10-27,5.538,BRL
2021-10-26,5.5666,BRL
2021-10-25,5.5563,BRL
2021-10-22,5.6474,BRL
2021-10-21,5.6577,BRL
2021-10-20,5.5975,BRL
2021-10-19,5.5844,BRL
2021-10-18,5.5117,BRL
2021-10-15,5.4611,BRL
2021-10-14,5.5132,BRL
2021-10-13,5.5133,BRL
2021-10-12,5.5325,BRL
2021-10-11,5.5367,BRL
2021-10-08,5.5082,BRL
2021-10-07,5.5188,BRL
2021-10-06,5.4912,BRL
2021-10-05,5.4748,BRL
2021-10-04,5.4535,BRL
2021-10-01,5.3628,BRL
2021-09-30,5.4428,BRL
2021-09-29,5.4152,BRL
2021-09-28,5.4293,BRL
2021-09-27,5.3914,BRL
2021-09-24,5.3344,BRL
2021-09-23,5.303,BRL
2021-09-22,5.2888,BRL
2021-09-21,5.2699,BRL
2021-09-20,5.324,BRL
2021-09-17,5.2883,BRL
2021-09-16,5.2535,BRL
2021-09-15,5.2219,BRL
2021-09-14,5.2398,BRL
2021-09-13,5.2144,BRL
2021-09-10,5.2454,BRL
2021-09-09,5.1976,BRL
2021-09-08,5.3214,BRL
2021-09-07,5.1692,BRL
2021-09-06,5.1693,BRL
2021-09-03,5.1908,BRL
2021-09-02,5.1819,BRL
2021-09-01,5.1858,BRL
2021-08-31,5.1492,BRL
2021-08-30,5.184,BRL
2021-08-27,5.1996,BRL
2021-08-26,5.2522,BRL
2021-08-25,5.2117,BRL
2021-08-24,5.2463,BRL
2021-08-23,5.3802,BRL
2021-08-20,5.377,BRL
2021-08-19,5.4142,BRL
2021-08-18,5.3794,BRL
2021-08-17,5.2948,BRL
2021-08-16,5.2595,BRL
2021-08-13,5.2466,BRL
2021-08-12,5.2524,BRL
2021-08-11,5.2185,BRL
2021-08-10,5.1895,BRL
2021-08-09,5.2331,BRL
2021-08-06,5.2301,BRL
2021-08-05,5.2488,BRL
2021-08-04,5.1685,BRL
2021-08-03,5.1967,BRL
2021-08-02,5.1747,BRL
2021-07-30,5.2123,BRL
2021-07-29,5.0812,BRL
2021-07-28,5.1157,BRL
2021-07-27,5.169,BRL
2021-07-26,5.1761,BRL
2021-07-23,5.2006,BRL
2021-07-22,5.2003,BRL
2021-07-21,5.1874,BRL
2021-07-20,5.2205,BRL
2021-07-19,5.2519,BRL
2021-07-16,5.1147,BRL
2021-07-15,5.11,BRL
2021-07-14,5.0706,BRL
2021-07-13,5.1622,BRL
2021-07-12,5.173,BRL
2021-07-09,5.2597,BRL
2021-07-08,5.2579,BRL
2021-07-07,5.2315,BRL
2021-07-06,5.1969,BRL
2021-07-05,5.091,BRL
2021-07-02,5.0575,BRL
2021-07-01,5.0476,BRL
2021-06-30,4.9686,BRL
2021-06-29,4.9559,BRL
2021-06-28,4.9244,BRL
2021-06-25,4.9335,BRL
2021-06-24,4.9137,BRL
2021-06-23,4.9667,BRL
2021-06-22,4.9574,BRL
2021-06-21,5.013,BRL
2021-06-18,5.0894,BRL
2021-06-17,5.0059,BRL
2021-06-16,5.0545,BRL
2021-06-15,5.0437,BRL
2021-06-14,5.0601,BRL
2021-06-11,5.1171,BRL
2021-06-10,5.0552,BRL
2021-06-09,5.0621,BRL
2021-06-08,5.0325,BRL
2021-06-07,5.0451,BRL
2021-06-04,5.0495,BRL
2021-06-03,5.0775,BRL
2021-06-02,5.0754,BRL
2021-06-01,5.1509,BRL
2021-05-31,5.2172,BRL
2021-05-28,5.2244,BRL
2021-05-27,5.2383,BRL
2021-05-26,5.3115,BRL
2021-05-25,5.3312,BRL
2021-05-24,5.3175,BRL
2021-05-21,5.3617,BRL
2021-05-20,5.2825,BRL
2021-05-19,5.3094,BRL
2021-05-18,5.2605,BRL
2021-05-17,5.2729,BRL
2021-05-14,5.2728,BRL
2021-05-13,5.309,BRL
2021-05-12,5.3061,BRL
2021-05-11,5.2208,BRL
2021-05-10,5.2272,BRL
2021-05-07,5.2368,BRL
2021-05-06,5.276,BRL
2021-05-05,5.3542,BRL
2021-05-04,5.4435,BRL
2021-05-03,5.442,BRL
2021-04-30,5.4366,BRL
2021-04-29,5.3375,BRL
2021-04-28,5.343,BRL
2021-04-27,5.449,BRL
2021-04-26,5.4364,BRL
2021-04-23,5.4751,BRL
2021-04-22,5.4448,BRL
2021-04-21,5.569,BRL
2021-04-20,5.5687,BRL
2021-04-19,5.5461,BRL
2021-04-16,5.5883,BRL
2021-04-15,5.6162,BRL
2021-04-14,5.6526,BRL
2021-04-13,5.7166,BRL
2021-04-12,5.7333,BRL
2021-04-09,5.6821,BRL
2021-04-08,5.572,BRL
2021-04-07,5.6143,BRL
2021-04-06,5.5904,BRL
2021-04-05,5.6632,BRL
2021-04-02,5.7075,BRL
2021-04-01,5.7071,BRL
2021-03-31,5.6315,BRL
2021-03-30,5.7745,BRL
2021-03-29,5.7799,BRL
2021-03-26,5.7566,BRL
2021-03-25,5.6475,BRL
2021-03-24,5.6209,BRL
2021-03-23,5.5214,BRL
2021-03-22,5.5045,BRL
2021-03-19,5.4917,BRL
2021-03-18,5.5604,BRL
2021-03-17,5.5832,BRL
2021-03-16,5.6246,BRL
2021-03-15,5.6156,BRL
2021-03-12,5.5518,BRL
2021-03-11,5.5357,BRL
2021-03-10,5.672,BRL
2021-03-09,5.8025,BRL
2021-03-08,5.8755,BRL
2021-03-05,5.6908,BRL
2021-03-04,5.6693,BRL
2021-03-03,5.6193,BRL
2021-03-02,5.6761,BRL
2021-03-01,5.6418,BRL
2021-02-26,5.5986,BRL
2021-02-25,5.5308,BRL
2021-02-24,5.4062,BRL
2021-02-23,5.4409,BRL
2021-02-22,5.4659,BRL
2021-02-19,5.3823,BRL
2021-02-18,5.427,BRL
2021-02-17,5.4105,BRL
2021-02-16,5.3695,BRL
2021-02-15,5.3701,BRL
2021-02-12,5.3698,BRL
2021-02-11,5.3665,BRL
2021-02-10,5.386,BRL
2021-02-09,5.3781,BRL
2021-02-08,5.3657,BRL
2021-02-05,5.3704,BRL
2021-02-04,5.4266,BRL
2021-02-03,5.3534,BRL
2021-02-02,5.368,BRL
2021-02-01,5.4322,BRL
2021-01-29,5.4625,BRL
2021-01-28,5.441,BRL
2021-01-27,5.4138,BRL
2021-01-26,5.3552,BRL
2021-01-25,5.4665,BRL
2021-01-22,5.4666,BRL
2021-01-21,5.3506,BRL
2021-01-20,5.2917,BRL
2021-01-19,5.3578,BRL
2021-01-18,5.2957,BRL
2021-01-15,5.2927,BRL
2021-01-14,5.1967,BRL
2021-01-13,5.299,BRL
2021-01-12,5.3226,BRL
2021-01-11,5.489,BRL
2021-01-08,5.4178,BRL
2021-01-07,5.4101,BRL
2021-01-06,5.3139,BRL
2021-01-05,5.2854,BRL
2021-01-04,5.2968,BRL
2021-01-01,5.194,BRL
2020-12-31,5.194,BRL
2020-12-30,5.1937,BRL
2020-12-29,5.2099,BRL
2020-12-28,5.2461,BRL
2020-12-25,5.2167,BRL
2020-12-24,5.2165,BRL
2020-12-23,5.2164,BRL
2020-12-22,5.1597,BRL
2020-12-21,5.1222,BRL
2020-12-18,5.1022,BRL
2020-12-17,5.0582,BRL
2020-12-16,5.0838,BRL
2020-12-15,5.0842,BRL
2020-12-14,5.1189,BRL
2020-12-11,5.0656,BRL
2020-12-10,5.0256,BRL
2020-12-09,5.1708,BRL
2020-12-08,5.1202,BRL
2020-12-07,5.099,BRL
2020-12-04,5.1557,BRL
2020-12-03,5.1515,BRL
2020-12-02,5.2175,BRL
2020-12-01,5.2061,BRL
2020-11-30,5.3319,BRL
2020-11-27,5.3438,BRL
2020-11-26,5.3365,BRL
2020-11-25,5.3237,BRL
2020-11-24,5.3736,BRL
2020-11-23,5.439,BRL
2020-11-20,5.3797,BRL
2020-11-19,5.3054,BRL
2020-11-18,5.3629,BRL
2020-11-17,5.3281,BRL
2020-11-16,5.4152,BRL
2020-11-13,5.4582,BRL
2020-11-12,5.4581,BRL
2020-11-11,5.391,BRL
2020-11-10,5.4147,BRL
2020-11-09,5.3858,BRL
2020-11-06,5.3647,BRL
2020-11-05,5.525,BRL
2020-11-04,5.6635,BRL
2020-11-03,5.756,BRL
2020-11-02,5.7425,BRL
2020-10-30,5.7446,BRL
2020-10-29,5.779,BRL
2020-10-28,5.7457,BRL
2020-10-27,5.7055,BRL
2020-10-26,5.6229,BRL
2020-10-23,5.6175,BRL
2020-10-22,5.5893,BRL
2020-10-21,5.6066,BRL
2020-10-20,5.6054,BRL
2020-10-19,5.6069,BRL
2020-10-16,5.6428,BRL
2020-10-15,5.6126,BRL
2020-10-14,5.5912,BRL
2020-10-13,5.5693,BRL
2020-10-12,5.5316,BRL
2020-10-09,5.5318,BRL
2020-10-08,5.5987,BRL
2020-10-07,5.6097,BRL
2020-10-06,5.593,BRL
2020-10-05,5.5743,BRL
2020-10-02,5.6851,BRL
2020-10-01,5.6437,BRL
2020-09-30,5.6112,BRL
2020-09-29,5.6344,BRL
2020-09-28,5.6627,BRL
2020-09-25,5.5624,BRL
2020-09-24,5.5089,BRL
2020-09-23,5.5943,BRL
2020-09-22,5.4704,BRL
2020-09-21,5.4131,BRL
2020-09-18,5.3876,BRL
2020-09-17,5.2394,BRL
2020-09-16,5.2377,BRL
2020-09-15,5.2748,BRL
2020-09-14,5.2706,BRL
2020-09-11,5.3189,BRL
2020-09-10,5.321,BRL
2020-09-09,5.3078,BRL
2020-09-08,5.3638,BRL
2020-09-07,5.2997,BRL
2020-09-04,5.3012,BRL
2020-09-03,5.2914,BRL
2020-09-02,5.3403,BRL
2020-09-01,5.396,BRL
2020-08-31,5.4914,BRL
2020-08-28,5.3881,BRL
2020-08-27,5.5691,BRL
2020-08-26,5.6054,BRL
2020-08-25,5.5075,BRL
2020-08-24,5.61,BRL
2020-08-21,5.6192,BRL
2020-08-20,5.5568,BRL
2020-08-19,5.5575,BRL
2020-08-18,5.4666,BRL
2020-08-17,5.509,BRL
2020-08-14,5.4204,BRL
2020-08-13,5.369,BRL
2020-08-12,5.4333,BRL
2020-08-11,5.38,BRL
2020-08-10,5.4812,BRL
2020-08-07,5.4383,BRL
2020-08-06,5.3315,BRL
2020-08-05,5.2902,BRL
2020-08-04,5.29,BRL
2020-08-03,5.3213,BRL
2020-07-31,5.224,BRL
2020-07-30,5.1534,BRL
2020-07-29,5.1692,BRL
2020-07-28,5.1533,BRL
2020-07-27,5.1447,BRL
2020-07-24,5.2329,BRL
2020-07-23,5.2112,BRL
2020-07-22,5.1166,BRL
2020-07-21,5.1713,BRL
2020-07-20,5.3283,BRL
2020-07-17,5.3849,BRL
2020-07-16,5.3311,BRL
2020-07-15,5.3698,BRL
2020-07-14,5.3674,BRL
2020-07-13,5.404,BRL
2020-07-10,5.3238,BRL
2020-07-09,5.3413,BRL
2020-07-08,5.3422,BRL
2020-07-07,5.379,BRL
2020-07-06,5.3562,BRL
2020-07-03,5.3158,BRL
2020-07-02,5.3596,BRL
2020-07-01,5.3174,BRL
2020-06-30,5.4661,BRL
2020-06-29,5.4034,BRL
2020-06-26,5.484,BRL
2020-06-25,5.3561,BRL
2020-06-24,5.3467,BRL
2020-06-23,5.1542,BRL
2020-06-22,5.2524,BRL
2020-06-19,5.3105,BRL
2020-06-18,5.3776,BRL
2020-06-17,5.2286,BRL
2020-06-16,5.243,BRL
2020-06-15,5.1557,BRL
2020-06-12,5.0505,BRL
2020-06-11,4.976,BRL
2020-06-10,4.9732,BRL
2020-06-09,4.8992,BRL
2020-06-08,4.823,BRL
2020-06-05,4.9585,BRL
2020-06-04,5.119,BRL
2020-06-03,5.0622,BRL
2020-06-02,5.2014,BRL
2020-06-01,5.3633,BRL
2020-05-29,5.3361,BRL
2020-05-28,5.4045,BRL
2020-05-27,5.2733,BRL
2020-05-26,5.345,BRL
2020-05-25,5.4461,BRL
2020-05-22,5.5338,BRL
2020-05-21,5.5507,BRL
2020-05-20,5.6925,BRL
2020-05-19,5.754,BRL
2020-05-18,5.719,BRL
2020-05-15,5.8554,BRL
2020-05-14,5.8115,BRL
2020-05-13,5.8852,BRL
2020-05-12,5.8856,BRL
2020-05-11,5.818,BRL
2020-05-08,5.7319,BRL
2020-05-07,5.8307,BRL
2020-05-06,5.714,BRL
2020-05-05,5.5783,BRL
2020-05-04,5.545,BRL
2020-05-01,5.4856,BRL
2020-04-30,5.4858,BRL
2020-04-29,5.3348,BRL
2020-04-28,5.4999,BRL
2020-04-27,5.6526,BRL
2020-04-24,5.5907,BRL
2020-04-23,5.5335,BRL
2020-04-22,5.458,BRL
2020-04-21,5.3163,BRL
2020-04-20,5.3168,BRL
2020-04-17,5.2363,BRL
2020-04-16,5.2333,BRL
2020-04-15,5.2367,BRL
2020-04-14,5.1621,BRL
2020-04-13,5.1994,BRL
2020-04-10,5.1063,BRL
2020-04-09,5.107,BRL
2020-04-08,5.1233,BRL
2020-04-07,5.2214,BRL
2020-04-06,5.2863,BRL
2020-04-03,5.3506,BRL
2020-04-02,5.2533,BRL
2020-04-01,5.2493,BRL
2020-03-31,5.2046,BRL
2020-03-30,5.1936,BRL
2020-03-27,5.0997,BRL
2020-03-26,5.0219,BRL
2020-03-25,5.0366,BRL
2020-03-24,5.0995,BRL
2020-03-23,5.1447,BRL
2020-03-20,5.064,BRL
2020-03-19,5.096,BRL
2020-03-18,5.1075,BRL
2020-03-17,5.01,BRL
2020-03-16,5.0005,BRL
2020-03-13,4.8596,BRL
2020-03-12,4.7916,BRL
2020-03-11,4.8152,BRL
2020-03-10,4.6439,BRL
2020-03-09,4.7246,BRL
2020-03-06,4.6272,BRL
2020-03-05,4.6076,BRL
2020-03-04,4.585,BRL
2020-03-03,4.5148,BRL
2020-03-02,4.4744,BRL
2020-02-28,4.4735,BRL
2020-02-27,4.4863,BRL
2020-02-26,4.4505,BRL
2020-02-25,4.3883,BRL
2020-02-24,4.3883,BRL
2020-02-21,4.3897,BRL
2020-02-20,4.3935,BRL
2020-02-19,4.3653,BRL
2020-02-18,4.3559,BRL
2020-02-17,4.3272,BRL
2020-02-14,4.2976,BRL
2020-02-13,4.3502,BRL
2020-02-12,4.3552,BRL
2020-02-11,4.3318,BRL
2020-02-10,4.3251,BRL
2020-02-07,4.3206,BRL
2020-02-06,4.2825,BRL
2020-02-05,4.2357,BRL
2020-02-04,4.2547,BRL
2020-02-03,4.248,BRL
2020-01-31,4.2824,BRL
2020-01-30,4.2432,BRL
2020-01-29,4.2306,BRL
2020-01-28,4.1945,BRL
2020-01-27,4.2077,BRL
2020-01-24,4.1816,BRL
2020-01-23,4.1707,BRL
2020-01-22,4.1829,BRL
2020-01-21,4.2126,BRL
2020-01-20,4.1902,BRL
2020-01-17,4.162,BRL
2020-01-16,4.1851,BRL
2020-01-15,4.1756,BRL
2020-01-14,4.133,BRL
2020-01-13,4.1469,BRL
2020-01-10,4.0962,BRL
2020-01-09,4.0928,BRL
2020-01-08,4.0649,BRL
2020-01-07,4.0679,BRL
2020-01-06,4.0618,BRL
2020-01-03,4.0672,BRL
2020-01-02,4.0263,BRL
2020-01-01,4.0195,BRL
2019-12-31,4.0195,BRL
2019-12-30,4.0195,BRL
2019-12-27,4.0459,BRL
2019-12-26,4.056,BRL
2019-12-25,4.0838,BRL
2019-12-24,4.0838,BRL
2019-12-23,4.0836,BRL
2019-12-20,4.1025,BRL
2019-12-19,4.0697,BRL
2019-12-18,4.0634,BRL
2019-12-17,4.0718,BRL
2019-12-16,4.0632,BRL
2019-12-13,4.1082,BRL
2019-12-12,4.0908,BRL
2019-12-11,4.1242,BRL
2019-12-10,4.147,BRL
2019-12-09,4.1425,BRL
2019-12-06,4.1414,BRL
2019-12-05,4.186,BRL
2019-12-04,4.208,BRL
2019-12-03,4.2066,BRL
2019-12-02,4.2234,BRL
2019-11-29,4.2367,BRL
2019-11-28,4.1903,BRL
2019-11-27,4.2638,BRL
2019-11-26,4.2332,BRL
2019-11-25,4.2269,BRL
2019-11-22,4.1966,BRL
2019-11-21,4.1932,BRL
2019-11-20,4.1965,BRL
2019-11-19,4.1945,BRL
2019-11-18,4.218,BRL
2019-11-15,4.1962,BRL
2019-11-14,4.1951,BRL
2019-11-13,4.1705,BRL
2019-11-12,4.1677,BRL
2019-11-11,4.1518,BRL
2019-11-08,4.1635,BRL
2019-11-07,4.1007,BRL
2019-11-06,4.0837,BRL
2019-11-05,3.9938,BRL
2019-11-04,4.0156,BRL
2019-11-01,3.9904,BRL
2019-10-31,4.0184,BRL
2019-10-30,3.9909,BRL
2019-10-29,3.9986,BRL
2019-10-28,3.991,BRL
2019-10-25,4.0038,BRL
2019-10-24,4.0414,BRL
2019-10-23,4.0345,BRL
2019-10-22,4.0819,BRL
2019-10-21,4.1294,BRL
2019-10-18,4.1118,BRL
2019-10-17,4.1643,BRL
2019-10-16,4.1518,BRL
2019-10-15,4.1807,BRL
2019-10-14,4.1265,BRL
2019-10-11,4.1097,BRL
2019-10-10,4.1095,BRL
2019-10-09,4.1104,BRL
2019-10-08,4.0954,BRL
2019-10-07,4.1071,BRL
2019-10-04,4.0556,BRL
2019-10-03,4.084,BRL
2019-10-02,4.1293,BRL
2019-10-01,4.1591,BRL
2019-09-30,4.1556,BRL
2019-09-27,4.1602,BRL
2019-09-26,4.1711,BRL
2019-09-25,4.1491,BRL
2019-09-24,4.165,BRL
2019-09-23,4.1638,BRL
2019-09-20,4.148,BRL
2019-09-19,4.1678,BRL
2019-09-18,4.1112,BRL
2019-09-17,4.0777,BRL
2019-09-16,4.081,BRL
2019-09-13,4.0849,BRL
2019-09-12,4.0608,BRL
2019-09-11,4.068,BRL
2019-09-10,4.0808,BRL
2019-09-09,4.0953,BRL
2019-09-06,4.0618,BRL
2019-09-05,4.1095,BRL
2019-09-04,4.0951,BRL
2019-09-03,4.1681,BRL
2019-09-02,4.1871,BRL
2019-08-30,4.1454,BRL
2019-08-29,4.1687,BRL
2019-08-28,4.1682,BRL
2019-08-27,4.1311,BRL
2019-08-26,4.1571,BRL
2019-08-23,4.1198,BRL
2019-08-22,4.0707,BRL
2019-08-21,4.0269,BRL
2019-08-20,4.0542,BRL
2019-08-19,4.0743,BRL
2019-08-16,4.0058,BRL
2019-08-15,3.991,BRL
2019-08-14,4.0526,BRL
2019-08-13,3.966,BRL
2019-08-12,3.9855,BRL
2019-08-09,3.9416,BRL
2019-08-08,3.9199,BRL
2019-08-07,3.9691,BRL
2019-08-06,3.9612,BRL
2019-08-05,3.9783,BRL
2019-08-02,3.8893,BRL
2019-08-01,3.8403,BRL
2019-07-31,3.8129,BRL
2019-07-30,3.7906,BRL
2019-07-29,3.7816,BRL
2019-07-26,3.7762,BRL
2019-07-25,3.779,BRL
2019-07-24,3.7736,BRL
2019-07-23,3.7737,BRL
2019-07-22,3.7407,BRL
2019-07-19,3.7494,BRL
2019-07-18,3.7194,BRL
2019-07-17,3.7641,BRL
2019-07-16,3.7687,BRL
2019-07-15,3.7567,BRL
2019-07-12,3.7373,BRL
2019-07-11,3.7551,BRL
2019-07-10,3.7546,BRL
2019-07-09,3.8005,BRL
2019-07-08,3.8073,BRL
2019-07-05,3.8221,BRL
2019-07-04,3.8011,BRL
2019-07-03,3.8272,BRL
2019-07-02,3.8456,BRL
2019-07-01,3.8405,BRL
2019-06-28,3.852,BRL
2019-06-27,3.8196,BRL
2019-06-26,3.8445,BRL
2019-06-25,3.848,BRL
2019-06-24,3.8254,BRL
2019-06-21,3.8192,BRL
2019-06-20,3.839,BRL
2019-06-19,3.839,BRL
2019-06-18,3.8604,BRL
2019-06-17,3.8883,BRL
2019-06-14,3.8959,BRL
2019-06-13,3.8487,BRL
2019-06-12,3.8672,BRL
2019-06-11,3.8571,BRL
2019-06-10,3.8887,BRL
2019-06-07,3.8789,BRL
2019-06-06,3.8799,BRL
2019-06-05,3.8811,BRL
2019-06-04,3.8548,BRL
2019-06-03,3.8859,BRL
2019-05-31,3.9228,BRL
2019-05-30,3.9818,BRL
2019-05-29,3.9747,BRL
2019-05-28,4.0247,BRL
2019-05-27,4.0423,BRL
2019-05-24,4.0225,BRL
2019-05-23,4.0401,BRL
2019-05-22,4.0403,BRL
2019-05-21,4.039,BRL
2019-05-20,4.0968,BRL
2019-05-17,4.0999,BRL
2019-05-16,4.047,BRL
2019-05-15,4.0017,BRL
2019-05-14,3.9751,BRL
2019-05-13,3.9939,BRL
2019-05-10,3.9572,BRL
2019-05-09,3.9466,BRL
2019-05-08,3.9285,BRL
2019-05-07,3.971,BRL
2019-05-06,3.9695,BRL
2019-05-03,3.9382,BRL
2019-05-02,3.9661,BRL
2019-05-01,3.9202,BRL
2019-04-30,3.9215,BRL
2019-04-29,3.9456,BRL
2019-04-26,3.9292,BRL
2019-04-25,3.9542,BRL
2019-04-24,3.9927,BRL
2019-04-23,3.9211,BRL
2019-04-22,3.9365,BRL
2019-04-19,3.9275,BRL
2019-04-18,3.9273,BRL
2019-04-17,3.9382,BRL
2019-04-16,3.904,BRL
2019-04-15,3.8723,BRL
2019-04-12,3.8819,BRL
2019-04-11,3.8582,BRL
2019-04-10,3.8251,BRL
2019-04-09,3.851,BRL
2019-04-08,3.8495,BRL
2019-04-05,3.8735,BRL
2019-04-04,3.859,BRL
2019-04-03,3.87,BRL
2019-04-02,3.8537,BRL
2019-04-01,3.8518,BRL
2019-03-29,3.9247,BRL
2019-03-28,3.901,BRL
2019-03-27,3.9935,BRL
2019-03-26,3.8773,BRL
2019-03-25,3.8544,BRL
2019-03-22,3.9071,BRL
2019-03-21,3.793,BRL
2019-03-20,3.7763,BRL
2019-03-19,3.7892,BRL
2019-03-18,3.7915,BRL
2019-03-15,3.8144,BRL
2019-03-14,3.8442,BRL
2019-03-13,3.8147,BRL
2019-03-12,3.8114,BRL
2019-03-11,3.8403,BRL
2019-03-08,3.8669,BRL
2019-03-07,3.8704,BRL
2019-03-06,3.84,BRL
2019-03-05,3.7755,BRL
2019-03-04,3.7755,BRL
2019-03-01,3.7752,BRL
2019-02-28,3.7514,BRL
2019-02-27,3.7287,BRL
2019-02-26,3.7489,BRL
2019-02-25,3.7522,BRL
2019-02-22,3.7485,BRL
2019-02-21,3.7695,BRL
2019-02-20,3.7277,BRL
2019-02-19,3.723,BRL
2019-02-18,3.7353,BRL
2019-02-15,3.7008,BRL
2019-02-14,3.7233,BRL
2019-02-13,3.7544,BRL
2019-02-12,3.7098,BRL
2019-02-11,3.7577,BRL
2019-02-08,3.7292,BRL
2019-02-07,3.7167,BRL
2019-02-06,3.6983,BRL
2019-02-05,3.6699,BRL
2019-02-04,3.6687,BRL
2019-02-01,3.6597,BRL
2019-01-31,3.644,BRL
2019-01-30,3.685,BRL
2019-01-29,3.7202,BRL
2019-01-28,3.7619,BRL
2019-01-25,3.7707,BRL
2019-01-24,3.7733,BRL
2019-01-23,3.7663,BRL
2019-01-22,3.8152,BRL
2019-01-21,3.755,BRL
2019-01-18,3.7517,BRL
2019-01-17,3.7504,BRL
2019-01-16,3.7366,BRL
2019-01-15,3.7172,BRL
2019-01-14,3.699,BRL
2019-01-11,3.7113,BRL
2019-01-10,3.7105,BRL
2019-01-09,3.6807,BRL
2019-01-08,3.7133,BRL
2019-01-07,3.7356,BRL
2019-01-04,3.7155,BRL
2019-01-03,3.7565,BRL
2019-01-02,3.79,BRL
2023-10-27,908.0,CLP
2023-10-26,933.28,CLP
2023-10-25,922.55,CLP
2023-10-24,925.97,CLP
2023-10-23,931.3,CLP
2023-10-20,943.63,CLP
2023-10-19,940.5,CLP
2023-10-18,942.05,CLP
2023-10-17,936.45,CLP
2023-10-16,947.05,CLP
2023-10-13,939.5,CLP
2023-10-12,937.85,CLP
2023-10-11,925.15,CLP
2023-10-10,927.3,CLP
2023-10-09,923.05,CLP
2023-10-06,923.05,CLP
2023-10-05,914.0,CLP
2023-10-04,914.9,CLP
2023-10-03,916.8,CLP
2023-10-02,908.13,CLP
2023-09-29,890.7,CLP
2023-09-28,904.95,CLP
2023-09-27,908.7,CLP
2023-09-26,903.7,CLP
2023-09-25,902.95,CLP
2023-09-22,894.4,CLP
2023-09-21,888.33,CLP
2023-09-20,882.5,CLP
2023-09-19,883.64,CLP
2023-09-18,883.64,CLP
2023-09-15,883.64,CLP
2023-09-14,888.78,CLP
2023-09-13,880.8,CLP
2023-09-12,892.85,CLP
2023-09-11,891.3,CLP
2023-09-08,894.54,CLP
2023-09-07,883.2,CLP
2023-09-06,871.0,CLP
2023-09-05,873.8,CLP
2023-09-04,859.05,CLP
2023-09-01,850.78,CLP
2023-08-31,851.8,CLP
2023-08-30,850.05,CLP
2023-08-29,858.3,CLP
2023-08-28,853.5,CLP
2023-08-25,845.03,CLP
2023-08-24,844.8,CLP
2023-08-23,855.18,CLP
2023-08-22,869.55,CLP
2023-08-21,870.1,CLP
2023-08-18,870.56,CLP
2023-08-17,866.4,CLP
2023-08-16,869.1,CLP
2023-08-15,862.55,CLP
2023-08-14,856.45,CLP
2023-08-11,858.0,CLP
2023-08-10,845.65,CLP
2023-08-09,861.15,CLP
2023-08-08,861.23,CLP
2023-08-07,858.3,CLP
2023-08-04,852.3,CLP
2023-08-03,850.4,CLP
2023-08-02,847.92,CLP
2023-08-01,840.3,CLP
2023-07-31,838.45,CLP
2023-07-28,828.73,CLP
2023-07-27,829.48,CLP
2023-07-26,823.18,CLP
2023-07-25,828.23,CLP
2023-07-24,827.57,CLP
2023-07-21,822.0,CLP
2023-07-20,816.1,CLP
2023-07-19,805.9,CLP
2023-07-18,815.05,CLP
2023-07-17,818.03,CLP
2023-07-14,813.7,CLP
2023-07-13,810.62,CLP
2023-07-12,811.17,CLP
2023-07-11,814.97,CLP
2023-07-10,812.87,CLP
2023-07-07,807.02,CLP
2023-07-06,802.2,CLP
2023-07-05,796.7,CLP
2023-07-04,798.4,CLP
2023-07-03,798.3,CLP
2023-06-30,800.93,CLP
2023-06-29,803.0,CLP
2023-06-28,800.2,CLP
2023-06-27,797.9,CLP
2023-06-26,805.6,CLP
2023-06-23,805.8,CLP
2023-06-22,804.2,CLP
2023-06-21,803.78,CLP
2023-06-20,803.55,CLP
2023-06-19,795.4,CLP
2023-06-16,793.7,CLP
2023-06-15,793.13,CLP
2023-06-14,801.3,CLP
2023-06-13,803.0,CLP
2023-06-12,806.2,CLP
2023-06-09,787.5,CLP
2023-06-08,786.85,CLP
2023-06-07,791.05,CLP
2023-06-06,795.8,CLP
2023-06-05,798.74,CLP
2023-06-02,798.3,CLP
2023-06-01,804.06,CLP
2023-05-31,808.3,CLP
2023-05-30,804.3,CLP
2023-05-29,804.75,CLP
2023-05-26,797.7,CLP
2023-05-25,810.0,CLP
2023-05-24,806.9,CLP
2023-05-23,802.55,CLP
2023-05-22,795.9,CLP
2023-05-19,797.84,CLP
2023-05-18,795.8,CLP
2023-05-17,791.24,CLP
2023-05-16,798.43,CLP
2023-05-15,786.03,CLP
2023-05-12,784.9,CLP
2023-05-11,791.78,CLP
2023-05-10,787.93,CLP
2023-05-09,788.7,CLP
2023-05-08,797.25,CLP
2023-05-05,792.53,CLP
2023-05-04,798.8,CLP
2023-05-03,802.9,CLP
2023-05-02,808.97,CLP
2023-05-01,806.0,CLP
2023-04-28,806.36,CLP
2023-04-27,802.91,CLP
2023-04-26,804.65,CLP
2023-04-25,811.91,CLP
2023-04-24,813.9,CLP
2023-04-21,802.36,CLP
2023-04-20,793.16,CLP
2023-04-19,793.94,CLP
2023-04-18,794.01,CLP
2023-04-17,800.58,CLP
2023-04-14,796.87,CLP
2023-04-13,795.22,CLP
2023-04-12,803.62,CLP
2023-04-11,805.59,CLP
2023-04-10,818.8,CLP
2023-04-07,818.42,CLP
2023-04-06,818.42,CLP
2023-04-05,809.8,CLP
2023-04-04,807.42,CLP
2023-04-03,810.45,CLP
2023-03-31,794.44,CLP
2023-03-30,790.04,CLP
2023-03-29,792.93,CLP
2023-03-28,797.51,CLP
2023-03-27,805.49,CLP
2023-03-24,810.22,CLP
2023-03-23,807.02,CLP
2023-03-22,810.41,CLP
2023-03-21,822.45,CLP
2023-03-20,825.78,CLP
2023-03-17,826.61,CLP
2023-03-16,823.3,CLP
2023-03-15,820.95,CLP
2023-03-14,802.2,CLP
2023-03-13,805.4,CLP
2023-03-10,800.3,CLP
2023-03-09,796.0,CLP
2023-03-08,804.63,CLP
2023-03-07,805.08,CLP
2023-03-06,796.25,CLP
2023-03-03,802.5,CLP
2023-03-02,812.05,CLP
2023-03-01,810.43,CLP
2023-02-28,827.47,CLP
2023-02-27,832.7,CLP
2023-02-24,826.0,CLP
2023-02-23,807.4,CLP
2023-02-22,800.88,CLP
2023-02-21,803.13,CLP
2023-02-20,798.25,CLP
2023-02-17,787.82,CLP
2023-02-16,791.05,CLP
2023-02-15,791.78,CLP
2023-02-14,784.7,CLP
2023-02-13,795.5,CLP
2023-02-10,798.09,CLP
2023-02-09,800.5,CLP
2023-02-08,801.0,CLP
2023-02-07,792.94,CLP
2023-02-06,803.29,CLP
2023-02-03,795.65,CLP
2023-02-02,779.55,CLP
2023-02-01,786.1,CLP
2023-01-31,795.48,CLP
2023-01-30,806.8,CLP
2023-01-27,805.73,CLP
2023-01-26,802.03,CLP
2023-01-25,803.15,CLP
2023-01-24,801.2,CLP
2023-01-23,813.03,CLP
2023-01-20,814.25,CLP
2023-01-19,822.44,CLP
2023-01-18,823.21,CLP
2023-01-17,814.36,CLP
2023-01-16,821.1,CLP
2023-01-13,815.93,CLP
2023-01-12,817.32,CLP
2023-01-11,823.1,CLP
2023-01-10,825.9,CLP
2023-01-09,834.84,CLP
2023-01-06,840.93,CLP
2023-01-05,851.4,CLP
2023-01-04,854.96,CLP
2023-01-03,862.4,CLP
2023-01-02,847.8,CLP
2022-12-30,847.8,CLP
2022-12-29,856.05,CLP
2022-12-28,862.55,CLP
2022-12-27,867.4,CLP
2022-12-26,876.9,CLP
2022-12-23,877.55,CLP
2022-12-22,869.78,CLP
2022-12-21,870.8,CLP
2022-12-20,884.93,CLP
2022-12-19,889.25,CLP
2022-12-16,885.26,CLP
2022-12-15,877.45,CLP
2022-12-14,870.05,CLP
2022-12-13,855.92,CLP
2022-12-12,867.16,CLP
2022-12-09,860.78,CLP
2022-12-08,863.27,CLP
2022-12-07,865.8,CLP
2022-12-06,877.6,CLP
2022-12-05,894.89,CLP
2022-12-02,882.26,CLP
2022-12-01,878.23,CLP
2022-11-30,888.85,CLP
2022-11-29,900.1,CLP
2022-11-28,912.5,CLP
2022-11-25,920.58,CLP
2022-11-24,909.25,CLP
2022-11-23,915.35,CLP
2022-11-22,926.05,CLP
2022-11-21,941.65,CLP
2022-11-18,939.87,CLP
2022-11-17,921.25,CLP
2022-11-16,911.15,CLP
2022-11-15,886.55,CLP
2022-11-14,890.75,CLP
2022-11-11,890.51,CLP
2022-11-10,893.4,CLP
2022-11-09,906.55,CLP
2022-11-08,906.55,CLP
2022-11-07,916.4,CLP
2022-11-04,924.83,CLP
2022-11-03,944.2,CLP
2022-11-02,944.25,CLP
2022-11-01,942.99,CLP
2022-10-31,943.05,CLP
2022-10-28,942.3,CLP
2022-10-27,944.45,CLP
2022-10-26,951.0,CLP
2022-10-25,965.85,CLP
2022-10-24,986.3,CLP
2022-10-21,972.3,CLP
2022-10-20,978.05,CLP
2022-10-19,973.75,CLP
2022-10-18,972.4,CLP
2022-10-17,971.4,CLP
2022-10-14,960.63,CLP
2022-10-13,937.56,CLP
2022-10-12,943.13,CLP
2022-10-11,926.13,CLP
2022-10-10,936.8,CLP
2022-10-07,936.95,CLP
2022-10-06,942.7,CLP
2022-10-05,939.71,CLP
2022-10-04,931.39,CLP
2022-10-03,939.08,CLP
2022-09-30,966.63,CLP
2022-09-29,962.65,CLP
2022-09-28,955.02,CLP
2022-09-27,983.78,CLP
2022-09-26,992.63,CLP
2022-09-23,968.76,CLP
2022-09-22,943.78,CLP
2022-09-21,935.38,CLP
2022-09-20,931.86,CLP
2022-09-19,922.37,CLP
2022-09-16,921.92,CLP
2022-09-15,922.24,CLP
2022-09-14,920.5,CLP
2022-09-13,916.13,CLP
2022-09-12,897.9,CLP
2022-09-09,903.96,CLP
2022-09-08,881.4,CLP
2022-09-07,882.52,CLP
2022-09-06,891.9,CLP
2022-09-05,881.3,CLP
2022-09-02,878.27,CLP
2022-09-01,896.62,CLP
2022-08-31,896.5,CLP
2022-08-30,889.9,CLP
2022-08-29,882.06,CLP
2022-08-26,892.7,CLP
2022-08-25,897.26,CLP
2022-08-24,920.0,CLP
2022-08-23,915.51,CLP
2022-08-22,937.55,CLP
2022-08-19,944.05,CLP
2022-08-18,928.4,CLP
2022-08-17,897.15,CLP
2022-08-16,881.05,CLP
2022-08-15,880.56,CLP
2022-08-12,874.93,CLP
2022-08-11,883.9,CLP
2022-08-10,886.2,CLP
2022-08-09,902.9,CLP
2022-08-08,905.45,CLP
2022-08-05,917.69,CLP
2022-08-04,901.95,CLP
2022-08-03,911.3,CLP
2022-08-02,909.0,CLP
2022-08-01,891.25,CLP
2022-07-29,899.5,CLP
2022-07-28,906.2,CLP
2022-07-27,906.95,CLP
2022-07-26,924.3,CLP
2022-07-25,936.9,CLP
2022-07-22,950.86,CLP
2022-07-21,928.37,CLP
2022-07-20,926.03,CLP
2022-07-19,926.05,CLP
2022-07-18,944.55,CLP
2022-07-15,971.31,CLP
2022-07-14,1049.3,CLP
2022-07-13,1008.8,CLP
2022-07-12,1019.2,CLP
2022-07-11,993.35,CLP
2022-07-08,972.73,CLP
2022-07-07,950.13,CLP
2022-07-06,969.55,CLP
2022-07-05,952.85,CLP
2022-07-04,928.3,CLP
2022-07-01,931.89,CLP
2022-06-30,916.3,CLP
2022-06-29,926.0,CLP
2022-06-28,910.35,CLP
2022-06-27,920.14,CLP
2022-06-24,916.77,CLP
2022-06-23,902.65,CLP
2022-06-22,888.88,CLP
2022-06-21,872.35,CLP
2022-06-20,882.1,CLP
2022-06-17,875.86,CLP
2022-06-16,866.3,CLP
2022-06-15,856.08,CLP
2022-06-14,868.1,CLP
2022-06-13,861.99,CLP
2022-06-10,843.8,CLP
2022-06-09,824.9,CLP
2022-06-08,821.2,CLP
2022-06-07,824.0,CLP
2022-06-06,822.05,CLP
2022-06-03,811.12,CLP
2022-06-02,812.54,CLP
2022-06-01,822.92,CLP
2022-05-31,823.38,CLP
2022-05-30,829.94,CLP
2022-05-27,825.95,CLP
2022-05-26,824.0,CLP
2022-05-25,831.7,CLP
2022-05-24,829.9,CLP
2022-05-23,829.93,CLP
2022-05-20,835.95,CLP
2022-05-19,837.0,CLP
2022-05-18,854.04,CLP
2022-05-17,850.1,CLP
2022-05-16,857.09,CLP
2022-05-13,859.85,CLP
2022-05-12,865.11,CLP
2022-05-11,861.58,CLP
2022-05-10,865.9,CLP
2022-05-09,867.0,CLP
2022-05-06,858.44,CLP
2022-05-05,861.7,CLP
2022-05-04,852.9,CLP
2022-05-03,854.9,CLP
2022-05-02,859.88,CLP
2022-04-29,851.13,CLP
2022-04-28,856.9,CLP
2022-04-27,845.57,CLP
2022-04-26,845.53,CLP
2022-04-25,844.5,CLP
2022-04-22,836.15,CLP
2022-04-21,823.75,CLP
2022-04-20,813.7,CLP
2022-04-19,819.3,CLP
2022-04-18,816.4,CLP
2022-04-15,813.85,CLP
2022-04-14,814.3,CLP
2022-04-13,805.8,CLP
2022-04-12,806.4,CLP
2022-04-11,816.15,CLP
2022-04-08,813.9,CLP
2022-04-07,805.22,CLP
2022-04-06,799.16,CLP
2022-04-05,786.9,CLP
2022-04-04,778.5,CLP
2022-04-01,782.47,CLP
2022-03-31,785.88,CLP
2022-03-30,788.08,CLP
2022-03-29,779.38,CLP
2022-03-28,777.75,CLP
2022-03-25,777.18,CLP
2022-03-24,788.36,CLP
2022-03-23,791.63,CLP
2022-03-22,792.03,CLP
2022-03-21,792.78,CLP
2022-03-18,802.53,CLP
2022-03-17,798.58,CLP
2022-03-16,797.13,CLP
2022-03-15,808.9,CLP
2022-03-14,813.05,CLP
2022-03-11,805.43,CLP
2022-03-10,801.4,CLP
2022-03-09,803.9,CLP
2022-03-08,809.37,CLP
2022-03-07,811.58,CLP
2022-03-04,806.11,CLP
2022-03-03,795.15,CLP
2022-03-02,804.18,CLP
2022-03-01,805.49,CLP
2022-02-28,798.0,CLP
2022-02-25,800.99,CLP
2022-02-24,815.7,CLP
2022-02-23,790.2,CLP
2022-02-22,791.89,CLP
2022-02-21,797.79,CLP
2022-02-18,800.5,CLP
2022-02-17,794.5,CLP
2022-02-16,797.3,CLP
2022-02-15,800.2,CLP
2022-02-14,812.93,CLP
2022-02-11,809.03,CLP
2022-02-10,803.6,CLP
2022-02-09,811.8,CLP
2022-02-08,826.6,CLP
2022-02-07,824.08,CLP
2022-02-04,828.05,CLP
2022-02-03,817.58,CLP
2022-02-02,809.7,CLP
2022-02-01,801.75,CLP
2022-01-31,799.9,CLP
2022-01-28,812.55,CLP
2022-01-27,804.42,CLP
2022-01-26,802.4,CLP
2022-01-25,798.98,CLP
2022-01-24,806.53,CLP
2022-01-21,798.13,CLP
2022-01-20,801.93,CLP
2022-01-19,808.18,CLP
2022-01-18,817.08,CLP
2022-01-17,821.68,CLP
2022-01-14,818.88,CLP
2022-01-13,815.67,CLP
2022-01-12,822.97,CLP
2022-01-11,827.65,CLP
2022-01-10,835.0,CLP
2022-01-07,827.33,CLP
2022-01-06,836.85,CLP
2022-01-05,837.86,CLP
2022-01-04,846.68,CLP
2022-01-03,851.15,CLP
2021-12-31,851.1,CLP
2021-12-30,851.1,CLP
2021-12-29,848.25,CLP
2021-12-28,853.87,CLP
2021-12-27,856.05,CLP
2021-12-24,864.15,CLP
2021-12-23,858.23,CLP
2021-12-22,860.15,CLP
2021-12-21,871.05,CLP
2021-12-20,870.61,CLP
2021-12-17,842.13,CLP
2021-12-16,845.83,CLP
2021-12-15,850.63,CLP
2021-12-14,842.6,CLP
2021-12-13,841.03,CLP
2021-12-10,843.0,CLP
2021-12-09,848.08,CLP
2021-12-08,838.46,CLP
2021-12-07,839.3,CLP
2021-12-06,845.45,CLP
2021-12-03,840.38,CLP
2021-12-02,836.03,CLP
2021-12-01,838.53,CLP
2021-11-30,826.7,CLP
2021-11-29,842.86,CLP
2021-11-26,831.37,CLP
2021-11-25,820.37,CLP
2021-11-24,813.45,CLP
2021-11-23,812.8,CLP
2021-11-22,811.38,CLP
2021-11-19,828.05,CLP
2021-11-18,831.68,CLP
2021-11-17,828.7,CLP
2021-11-16,811.72,CLP
2021-11-15,796.12,CLP
2021-11-12,799.95,CLP
2021-11-11,793.18,CLP
2021-11-10,793.95,CLP
2021-11-09,791.41,CLP
2021-11-08,802.33,CLP
2021-11-05,811.05,CLP
2021-11-04,813.83,CLP
2021-11-03,812.53,CLP
2021-11-02,812.31,CLP
2021-11-01,811.2,CLP
2021-10-29,813.2,CLP
2021-10-28,805.68,CLP
2021-10-27,805.1,CLP
2021-10-26,803.68,CLP
2021-10-25,807.37,CLP
2021-10-22,814.51,CLP
2021-10-21,817.63,CLP
2021-10-20,813.6,CLP
2021-10-19,810.35,CLP
2021-10-18,816.75,CLP
2021-10-15,823.45,CLP
2021-10-14,825.62,CLP
2021-10-13,814.83,CLP
2021-10-12,822.78,CLP
2021-10-11,824.0,CLP
2021-10-08,824.0,CLP
2021-10-07,811.88,CLP
2021-10-06,812.93,CLP
2021-10-05,810.9,CLP
2021-10-04,805.63,CLP
2021-10-01,803.03,CLP
2021-09-30,810.53,CLP
2021-09-29,809.7,CLP
2021-09-28,802.37,CLP
2021-09-27,793.2,CLP
2021-09-24,792.38,CLP
2021-09-23,784.94,CLP
2021-09-22,787.15,CLP
2021-09-21,785.6,CLP
2021-09-20,788.55,CLP
2021-09-17,784.13,CLP
2021-09-16,783.25,CLP
2021-09-15,777.67,CLP
2021-09-14,783.38,CLP
2021-09-13,784.68,CLP
2021-09-10,788.08,CLP
2021-09-09,792.9,CLP
2021-09-08,786.93,CLP
2021-09-07,780.28,CLP
2021-09-06,772.23,CLP
2021-09-03,766.05,CLP
2021-09-02,767.65,CLP
2021-09-01,770.71,CLP
2021-08-31,772.63,CLP
2021-08-30,782.0,CLP
2021-08-27,782.38,CLP
2021-08-26,786.21,CLP
2021-08-25,783.27,CLP
2021-08-24,781.87,CLP
2021-08-23,783.68,CLP
2021-08-20,785.93,CLP
2021-08-19,785.63,CLP
2021-08-18,786.83,CLP
2021-08-17,789.7,CLP
2021-08-16,786.25,CLP
2021-08-13,775.47,CLP
2021-08-12,774.28,CLP
2021-08-11,770.97,CLP
2021-08-10,778.33,CLP
2021-08-09,784.98,CLP
2021-08-06,787.65,CLP
2021-08-05,777.54,CLP
2021-08-04,773.89,CLP
2021-08-03,775.4,CLP
2021-08-02,768.0,CLP
2021-07-30,756.2,CLP
2021-07-29,759.83,CLP
2021-07-28,761.45,CLP
2021-07-27,767.51,CLP
2021-07-26,759.72,CLP
2021-07-23,761.76,CLP
2021-07-22,753.35,CLP
2021-07-21,752.18,CLP
2021-07-20,757.8,CLP
2021-07-19,759.5,CLP
2021-07-16,757.65,CLP
2021-07-15,756.5,CLP
2021-07-14,744.68,CLP
2021-07-13,749.27,CLP
2021-07-12,743.17,CLP
2021-07-09,748.38,CLP
2021-07-08,752.5,CLP
2021-07-07,748.73,CLP
2021-07-06,746.5,CLP
2021-07-05,735.7,CLP
2021-07-02,733.85,CLP
2021-07-01,739.92,CLP
2021-06-30,731.7,CLP
2021-06-29,726.2,CLP
2021-06-28,734.45,CLP
2021-06-25,732.6,CLP
2021-06-24,733.41,CLP
2021-06-23,735.53,CLP
2021-06-22,740.9,CLP
2021-06-21,747.0,CLP
2021-06-18,748.05,CLP
2021-06-17,737.88,CLP
2021-06-16,729.72,CLP
2021-06-15,726.54,CLP
2021-06-14,718.85,CLP
2021-06-11,721.5,CLP
2021-06-10,719.28,CLP
2021-06-09,719.38,CLP
2021-06-08,717.9,CLP
2021-06-07,715.88,CLP
2021-06-04,717.8,CLP
2021-06-03,718.5,CLP
2021-06-02,719.1,CLP
2021-06-01,728.01,CLP
2021-05-31,722.43,CLP
2021-05-28,724.05,CLP
2021-05-27,724.22,CLP
2021-05-26,729.6,CLP
2021-05-25,733.9,CLP
2021-05-24,729.35,CLP
2021-05-21,720.6,CLP
2021-05-20,720.72,CLP
2021-05-19,714.68,CLP
2021-05-18,713.4,CLP
2021-05-17,714.8,CLP
2021-05-14,699.33,CLP
2021-05-13,707.3,CLP
2021-05-12,707.8,CLP
2021-05-11,702.08,CLP
2021-05-10,696.48,CLP
2021-05-07,694.88,CLP
2021-05-06,699.7,CLP
2021-05-05,704.65,CLP
2021-05-04,703.3,CLP
2021-05-03,703.9,CLP
2021-04-30,710.3,CLP
2021-04-29,709.0,CLP
2021-04-28,695.93,CLP
2021-04-27,701.4,CLP
2021-04-26,704.75,CLP
2021-04-23,713.1,CLP
2021-04-22,706.53,CLP
2021-04-21,697.85,CLP
2021-04-20,696.4,CLP
2021-04-19,700.4,CLP
2021-04-16,702.45,CLP
2021-04-15,698.33,CLP
2021-04-14,708.9,CLP
2021-04-13,707.93,CLP
2021-04-12,713.16,CLP
2021-04-09,710.45,CLP
2021-04-08,708.06,CLP
2021-04-07,713.49,CLP
2021-04-06,717.68,CLP
2021-04-05,721.38,CLP
2021-04-02,716.63,CLP
2021-04-01,716.63,CLP
2021-03-31,720.2,CLP
2021-03-30,728.93,CLP
2021-03-29,733.68,CLP
2021-03-26,732.63,CLP
2021-03-25,724.9,CLP
2021-03-24,727.32,CLP
2021-03-23,722.69,CLP
2021-03-22,716.43,CLP
2021-03-19,713.08,CLP
2021-03-18,720.23,CLP
2021-03-17,722.3,CLP
2021-03-16,727.58,CLP
2021-03-15,722.6,CLP
2021-03-12,723.65,CLP
2021-03-11,712.93,CLP
2021-03-10,724.13,CLP
2021-03-09,734.87,CLP
2021-03-08,736.13,CLP
2021-03-05,733.03,CLP
2021-03-04,731.9,CLP
2021-03-03,727.2,CLP
2021-03-02,728.79,CLP
2021-03-01,722.55,CLP
2021-02-26,723.51,CLP
2021-02-25,715.78,CLP
2021-02-24,700.75,CLP
2021-02-23,704.33,CLP
2021-02-22,706.6,CLP
2021-02-19,708.4,CLP
2021-02-18,710.73,CLP
2021-02-17,712.94,CLP
2021-02-16,718.33,CLP
2021-02-15,718.7,CLP
2021-02-12,721.5,CLP
2021-02-11,725.75,CLP
2021-02-10,724.88,CLP
2021-02-09,734.4,CLP
2021-02-08,735.2,CLP
2021-02-05,738.76,CLP
2021-02-04,735.4,CLP
2021-02-03,732.38,CLP
2021-02-02,732.44,CLP
2021-02-01,733.5,CLP
2021-01-29,734.59,CLP
2021-01-28,735.73,CLP
2021-01-27,738.33,CLP
2021-01-26,732.95,CLP
2021-01-25,732.75,CLP
2021-01-22,727.38,CLP
2021-01-21,717.15,CLP
2021-01-20,721.87,CLP
2021-01-19,737.0,CLP
2021-01-18,733.5,CLP
2021-01-15,734.55,CLP
2021-01-14,726.23,CLP
2021-01-13,737.25,CLP
2021-01-12,724.75,CLP
2021-01-11,719.23,CLP
2021-01-08,711.88,CLP
2021-01-07,712.45,CLP
2021-01-06,696.25,CLP
2021-01-05,695.63,CLP
2021-01-04,704.05,CLP
2021-01-01,709.75,CLP
2020-12-31,709.75,CLP
2020-12-30,710.0,CLP
2020-12-29,715.08,CLP
2020-12-28,711.63,CLP
2020-12-25,714.38,CLP
2020-12-24,714.38,CLP
2020-12-23,713.7,CLP
2020-12-22,722.45,CLP
2020-12-21,725.05,CLP
2020-12-18,725.13,CLP
2020-12-17,721.53,CLP
2020-12-16,733.8,CLP
2020-12-15,735.75,CLP
2020-12-14,735.1,CLP
2020-12-11,734.03,CLP
2020-12-10,734.5,CLP
2020-12-09,742.95,CLP
2020-12-08,744.3,CLP
2020-12-07,744.6,CLP
2020-12-04,743.53,CLP
2020-12-03,750.36,CLP
2020-12-02,755.7,CLP
2020-12-01,759.68,CLP
2020-11-30,760.7,CLP
2020-11-27,768.15,CLP
2020-11-26,765.1,CLP
2020-11-25,764.6,CLP
2020-11-24,773.6,CLP
2020-11-23,773.74,CLP
2020-11-20,763.93,CLP
2020-11-19,758.93,CLP
2020-11-18,758.08,CLP
2020-11-17,762.98,CLP
2020-11-16,766.1,CLP
2020-11-13,766.8,CLP
2020-11-12,760.75,CLP
2020-11-11,754.2,CLP
2020-11-10,754.23,CLP
2020-11-09,757.18,CLP
2020-11-06,751.12,CLP
2020-11-05,755.73,CLP
2020-11-04,753.7,CLP
2020-11-03,759.05,CLP
2020-11-02,767.4,CLP
2020-10-30,773.05,CLP
2020-10-29,771.63,CLP
2020-10-28,773.32,CLP
2020-10-27,772.75,CLP
2020-10-26,775.03,CLP
2020-10-23,775.5,CLP
2020-10-22,778.48,CLP
2020-10-21,782.83,CLP
2020-10-20,785.79,CLP
2020-10-19,787.38,CLP
2020-10-16,793.3,CLP
2020-10-15,803.95,CLP
2020-10-14,798.63,CLP
2020-10-13,798.7,CLP
2020-10-12,796.87,CLP
2020-10-09,794.2,CLP
2020-10-08,798.35,CLP
2020-10-07,794.53,CLP
2020-10-06,798.63,CLP
2020-10-05,798.41,CLP
2020-10-02,789.27,CLP
2020-10-01,786.28,CLP
2020-09-30,784.77,CLP
2020-09-29,784.18,CLP
2020-09-28,784.43,CLP
2020-09-25,787.86,CLP
2020-09-24,783.1,CLP
2020-09-23,782.48,CLP
2020-09-22,777.0,CLP
2020-09-21,774.28,CLP
2020-09-18,763.19,CLP
2020-09-17,760.98,CLP
2020-09-16,758.94,CLP
2020-09-15,763.06,CLP
2020-09-14,765.05,CLP
2020-09-11,769.77,CLP
2020-09-10,772.6,CLP
2020-09-09,765.66,CLP
2020-09-08,772.44,CLP
2020-09-07,774.5,CLP
2020-09-04,771.31,CLP
2020-09-03,775.45,CLP
2020-09-02,771.18,CLP
2020-09-01,771.13,CLP
2020-08-31,776.21,CLP
2020-08-28,779.33,CLP
2020-08-27,784.31,CLP
2020-08-26,784.51,CLP
2020-08-25,786.67,CLP
2020-08-24,785.51,CLP
2020-08-21,792.66,CLP
2020-08-20,786.26,CLP
2020-08-19,783.9,CLP
2020-08-18,794.18,CLP
2020-08-17,807.0,CLP
2020-08-14,796.58,CLP
2020-08-13,792.9,CLP
2020-08-12,791.75,CLP
2020-08-11,794.11,CLP
2020-08-10,805.33,CLP
2020-08-07,787.45,CLP
2020-08-06,772.2,CLP
2020-08-05,776.96,CLP
2020-08-04,771.19,CLP
2020-08-03,757.0,CLP
2020-07-31,756.43,CLP
2020-07-30,760.9,CLP
2020-07-29,757.01,CLP
2020-07-28,764.5,CLP
2020-07-27,767.4,CLP
2020-07-24,773.63,CLP
2020-07-23,770.1,CLP
2020-07-22,767.1,CLP
2020-07-21,771.18,CLP
2020-07-20,784.4,CLP
2020-07-17,787.2,CLP
2020-07-16,789.21,CLP
2020-07-15,781.0,CLP
2020-07-14,785.9,CLP
2020-07-13,788.9,CLP
2020-07-10,791.93,CLP
2020-07-09,788.0,CLP
2020-07-08,786.58,CLP
2020-07-07,789.0,CLP
2020-07-06,798.28,CLP
2020-07-03,802.13,CLP
2020-07-02,800.61,CLP
2020-07-01,808.26,CLP
2020-06-30,822.9,CLP
2020-06-29,819.85,CLP
2020-06-26,821.07,CLP
2020-06-25,807.8,CLP
2020-06-24,818.4,CLP
2020-06-23,818.73,CLP
2020-06-22,819.18,CLP
2020-06-19,816.39,CLP
2020-06-18,816.96,CLP
2020-06-17,800.61,CLP
2020-06-16,783.6,CLP
2020-06-15,782.69,CLP
2020-06-12,791.67,CLP
2020-06-11,792.1,CLP
2020-06-10,773.03,CLP
2020-06-09,769.33,CLP
2020-06-08,766.83,CLP
2020-06-05,766.08,CLP
2020-06-04,770.39,CLP
2020-06-03,785.2,CLP
2020-06-02,776.6,CLP
2020-06-01,792.0,CLP
2020-05-29,798.4,CLP
2020-05-28,808.33,CLP
2020-05-27,819.66,CLP
2020-05-26,806.31,CLP
2020-05-25,804.18,CLP
2020-05-22,807.93,CLP
2020-05-21,802.88,CLP
2020-05-20,803.43,CLP
2020-05-19,818.18,CLP
2020-05-18,818.48,CLP
2020-05-15,827.13,CLP
2020-05-14,821.48,CLP
2020-05-13,816.11,CLP
2020-05-12,824.06,CLP
2020-05-11,821.99,CLP
2020-05-08,825.28,CLP
2020-05-07,836.24,CLP
2020-05-06,842.11,CLP
2020-05-05,833.85,CLP
2020-05-04,836.45,CLP
2020-05-01,833.4,CLP
2020-04-30,833.4,CLP
2020-04-29,833.55,CLP
2020-04-28,843.95,CLP
2020-04-27,856.2,CLP
2020-04-24,856.6,CLP
2020-04-23,859.36,CLP
2020-04-22,858.0,CLP
2020-04-21,856.75,CLP
2020-04-20,855.75,CLP
2020-04-17,851.95,CLP
2020-04-16,851.05,CLP
2020-04-15,855.2,CLP
2020-04-14,847.95,CLP
2020-04-13,848.58,CLP
2020-04-10,840.08,CLP
2020-04-09,840.08,CLP
2020-04-08,842.83,CLP
2020-04-07,858.13,CLP
2020-04-06,849.53,CLP
2020-04-03,864.5,CLP
2020-04-02,860.42,CLP
2020-04-01,863.62,CLP
2020-03-31,854.23,CLP
2020-03-30,856.83,CLP
2020-03-27,834.7,CLP
2020-03-26,827.4,CLP
2020-03-25,844.5,CLP
2020-03-24,845.2,CLP
2020-03-23,860.5,CLP
2020-03-20,863.1,CLP
2020-03-19,862.19,CLP
2020-03-18,867.8,CLP
2020-03-17,848.1,CLP
2020-03-16,852.0,CLP
2020-03-13,837.7,CLP
2020-03-12,848.12,CLP
2020-03-11,840.28,CLP
2020-03-10,832.83,CLP
2020-03-09,837.86,CLP
2020-03-06,826.17,CLP
2020-03-05,824.55,CLP
2020-03-04,819.38,CLP
2020-03-03,812.53,CLP
2020-03-02,811.52,CLP
2020-02-28,817.21,CLP
2020-02-27,813.26,CLP
2020-02-26,811.3,CLP
2020-02-25,812.35,CLP
2020-02-24,807.03,CLP
2020-02-21,802.31,CLP
2020-02-20,806.88,CLP
2020-02-19,795.94,CLP
2020-02-18,796.6,CLP
2020-02-17,793.1,CLP
2020-02-14,791.2,CLP
2020-02-13,793.6,CLP
2020-02-12,790.58,CLP
2020-02-11,791.5,CLP
2020-02-10,793.14,CLP
2020-02-07,791.13,CLP
2020-02-06,783.05,CLP
2020-02-05,775.87,CLP
2020-02-04,781.3,CLP
2020-02-03,786.5,CLP
2020-01-31,799.33,CLP
2020-01-30,796.25,CLP
2020-01-29,792.0,CLP
2020-01-28,785.12,CLP
2020-01-27,787.6,CLP
2020-01-24,776.23,CLP
2020-01-23,776.0,CLP
2020-01-22,770.6,CLP
2020-01-21,773.72,CLP
2020-01-20,769.5,CLP
2020-01-17,773.14,CLP
2020-01-16,775.69,CLP
2020-01-15,774.6,CLP
2020-01-14,769.49,CLP
2020-01-13,774.06,CLP
2020-01-10,772.78,CLP
2020-01-09,767.5,CLP
2020-01-08,757.75,CLP
2020-01-07,769.12,CLP
2020-01-06,772.82,CLP
2020-01-03,763.68,CLP
2020-01-02,748.63,CLP
2020-01-01,751.95,CLP
2019-12-31,751.5,CLP
2019-12-30,752.08,CLP
2019-12-27,747.7,CLP
2019-12-26,745.4,CLP
2019-12-25,751.34,CLP
2019-12-24,748.38,CLP
2019-12-23,752.2,CLP
2019-12-20,756.35,CLP
2019-12-19,753.47,CLP
2019-12-18,750.9,CLP
2019-12-17,755.8,CLP
2019-12-16,761.0,CLP
2019-12-13,763.62,CLP
2019-12-12,767.6,CLP
2019-12-11,769.33,CLP
2019-12-10,779.45,CLP
2019-12-09,772.5,CLP
2019-12-06,775.97,CLP
2019-12-05,780.8,CLP
2019-12-04,786.97,CLP
2019-12-03,801.98,CLP
2019-12-02,803.4,CLP
2019-11-29,803.12,CLP
2019-11-28,827.8,CLP
2019-11-27,816.8,CLP
2019-11-26,797.3,CLP
2019-11-25,791.35,CLP
2019-11-22,798.93,CLP
2019-11-21,795.05,CLP
2019-11-20,790.13,CLP
2019-11-19,786.53,CLP
2019-11-18,775.53,CLP
2019-11-15,774.3,CLP
2019-11-14,802.12,CLP
2019-11-13,793.65,CLP
2019-11-12,779.85,CLP
2019-11-11,758.5,CLP
2019-11-08,747.14,CLP
2019-11-07,741.35,CLP
2019-11-06,739.42,CLP
2019-11-05,747.5,CLP
2019-11-04,740.85,CLP
2019-11-01,740.6,CLP
2019-10-31,740.6,CLP
2019-10-30,738.43,CLP
2019-10-29,727.2,CLP
2019-10-28,723.05,CLP
2019-10-25,726.35,CLP
2019-10-24,723.73,CLP
2019-10-23,725.53,CLP
2019-10-22,723.8,CLP
2019-10-21,725.73,CLP
2019-10-18,710.19,CLP
2019-10-17,711.4,CLP
2019-10-16,716.3,CLP
2019-10-15,714.95,CLP
2019-10-14,712.43,CLP
2019-10-11,709.48,CLP
2019-10-10,718.48,CLP
2019-10-09,723.2,CLP
2019-10-08,725.24,CLP
2019-10-07,718.53,CLP
2019-10-04,714.38,CLP
2019-10-03,716.17,CLP
2019-10-02,724.18,CLP
2019-10-01,728.86,CLP
2019-09-30,728.3,CLP
2019-09-27,725.83,CLP
2019-09-26,725.8,CLP
2019-09-25,726.5,CLP
2019-09-24,723.02,CLP
2019-09-23,720.8,CLP
2019-09-20,717.38,CLP
2019-09-19,715.95,CLP
2019-09-18,715.1,CLP
2019-09-17,714.81,CLP
2019-09-16,709.3,CLP
2019-09-13,706.98,CLP
2019-09-12,708.47,CLP
2019-09-11,715.66,CLP
2019-09-10,711.63,CLP
2019-09-09,714.43,CLP
2019-09-06,711.0,CLP
2019-09-05,715.45,CLP
2019-09-04,722.5,CLP
2019-09-03,724.89,CLP
2019-09-02,724.6,CLP
2019-08-30,720.8,CLP
2019-08-29,720.25,CLP
2019-08-28,723.05,CLP
2019-08-27,722.55,CLP
2019-08-26,719.3,CLP
2019-08-23,719.18,CLP
2019-08-22,714.74,CLP
2019-08-21,711.3,CLP
2019-08-20,708.9,CLP
2019-08-19,713.17,CLP
2019-08-16,707.76,CLP
2019-08-15,710.55,CLP
2019-08-14,710.3,CLP
2019-08-13,703.26,CLP
2019-08-12,713.46,CLP
2019-08-09,709.65,CLP
2019-08-08,709.57,CLP
2019-08-07,714.0,CLP
2019-08-06,714.2,CLP
2019-08-05,720.51,CLP
2019-08-02,712.4,CLP
2019-08-01,706.27,CLP
2019-07-31,703.4,CLP
2019-07-30,697.95,CLP
2019-07-29,695.42,CLP
2019-07-26,694.93,CLP
2019-07-25,695.99,CLP
2019-07-24,690.39,CLP
2019-07-23,691.08,CLP
2019-07-22,688.76,CLP
2019-07-19,687.95,CLP
2019-07-18,682.09,CLP
2019-07-17,681.99,CLP
2019-07-16,681.37,CLP
2019-07-15,678.77,CLP
2019-07-12,679.36,CLP
2019-07-11,680.0,CLP
2019-07-10,685.4,CLP
2019-07-09,687.94,CLP
2019-07-08,687.51,CLP
2019-07-05,683.55,CLP
2019-07-04,678.84,CLP
2019-07-03,677.8,CLP
2019-07-02,679.8,CLP
2019-07-01,679.6,CLP
2019-06-28,677.15,CLP
2019-06-27,679.3,CLP
2019-06-26,678.87,CLP
2019-06-25,681.35,CLP
2019-06-24,680.1,CLP
2019-06-21,683.33,CLP
2019-06-20,683.49,CLP
2019-06-19,690.49,CLP
2019-06-18,695.54,CLP
2019-06-17,699.56,CLP
2019-06-14,699.0,CLP
2019-06-13,695.96,CLP
2019-06-12,695.15,CLP
2019-06-11,692.05,CLP
2019-06-10,699.3,CLP
2019-06-07,692.63,CLP
2019-06-06,692.34,CLP
2019-06-05,692.74,CLP
2019-06-04,692.99,CLP
2019-06-03,703.2,CLP
2019-05-31,709.46,CLP
2019-05-30,709.58,CLP
2019-05-29,704.36,CLP
2019-05-28,707.18,CLP
2019-05-27,698.5,CLP
2019-05-24,693.55,CLP
2019-05-23,696.15,CLP
2019-05-22,697.28,CLP
2019-05-21,694.61,CLP
2019-05-20,695.89,CLP
2019-05-17,696.85,CLP
2019-05-16,693.74,CLP
2019-05-15,691.45,CLP
2019-05-14,691.75,CLP
2019-05-13,693.03,CLP
2019-05-10,685.83,CLP
2019-05-09,684.43,CLP
2019-05-08,684.11,CLP
2019-05-07,684.3,CLP
2019-05-06,678.43,CLP
2019-05-03,676.68,CLP
2019-05-02,681.45,CLP
2019-05-01,677.71,CLP
2019-04-30,677.34,CLP
2019-04-29,677.88,CLP
2019-04-26,674.85,CLP
2019-04-25,674.36,CLP
2019-04-24,672.58,CLP
2019-04-23,667.48,CLP
2019-04-22,664.01,CLP
2019-04-19,661.81,CLP
2019-04-18,661.81,CLP
2019-04-17,661.66,CLP
2019-04-16,661.51,CLP
2019-04-15,660.67,CLP
2019-04-12,660.69,CLP
2019-04-11,663.51,CLP
2019-04-10,661.96,CLP
2019-04-09,664.34,CLP
2019-04-08,663.59,CLP
2019-04-05,664.91,CLP
2019-04-04,664.62,CLP
2019-04-03,667.09,CLP
2019-04-02,672.95,CLP
2019-04-01,668.34,CLP
2019-03-29,680.05,CLP
2019-03-28,681.31,CLP
2019-03-27,681.05,CLP
2019-03-26,680.19,CLP
2019-03-25,679.38,CLP
2019-03-22,678.23,CLP
2019-03-21,667.03,CLP
2019-03-20,662.06,CLP
2019-03-19,666.9,CLP
2019-03-18,665.5,CLP
2019-03-15,669.5,CLP
2019-03-14,671.29,CLP
2019-03-13,668.1,CLP
2019-03-12,665.08,CLP
2019-03-11,670.21,CLP
2019-03-08,670.68,CLP
2019-03-07,666.8,CLP
2019-03-06,659.97,CLP
2019-03-05,657.47,CLP
2019-03-04,659.84,CLP
2019-03-01,659.39,CLP
2019-02-28,655.5,CLP
2019-02-27,648.93,CLP
2019-02-26,647.73,CLP
2019-02-25,650.25,CLP
2019-02-22,650.93,CLP
2019-02-21,654.22,CLP
2019-02-20,652.88,CLP
2019-02-19,655.24,CLP
2019-02-18,660.62,CLP
2019-02-15,661.56,CLP
2019-02-14,664.06,CLP
2019-02-13,663.3,CLP
2019-02-12,659.94,CLP
2019-02-11,661.54,CLP
2019-02-08,657.62,CLP
2019-02-07,658.16,CLP
2019-02-06,654.44,CLP
2019-02-05,651.48,CLP
2019-02-04,652.58,CLP
2019-02-01,654.0,CLP
2019-01-31,655.8,CLP
2019-01-30,663.86,CLP
2019-01-29,667.45,CLP
2019-01-28,670.85,CLP
2019-01-25,669.54,CLP
2019-01-24,672.15,CLP
2019-01-23,672.23,CLP
2019-01-22,673.77,CLP
2019-01-21,672.21,CLP
2019-01-18,671.15,CLP
2019-01-17,670.54,CLP
2019-01-16,668.97,CLP
2019-01-15,675.54,CLP
2019-01-14,673.71,CLP
2019-01-11,674.86,CLP
2019-01-10,675.86,CLP
2019-01-09,676.0,CLP
2019-01-08,680.4,CLP
2019-01-07,681.3,CLP
2019-01-04,681.21,CLP
2019-01-03,693.77,CLP
2019-01-02,696.75,CLP
2023-10-27,0.9465,EUR
2023-10-26,0.9466,EUR
2023-10-25,0.9463,EUR
2023-10-24,0.9441,EUR
2023-10-23,0.937,EUR
2023-10-20,0.9438,EUR
2023-10-19,0.9447,EUR
2023-10-18,0.9489,EUR
2023-10-17,0.9453,EUR
2023-10-16,0.9468,EUR
2023-10-13,0.9512,EUR
2023-10-12,0.9497,EUR
2023-10-11,0.9415,EUR
2023-10-10,0.9428,EUR
2023-10-09,0.9462,EUR
2023-10-06,0.9444,EUR
2023-10-05,0.9477,EUR
2023-10-04,0.9517,EUR
2023-10-03,0.9552,EUR
2023-10-02,0.9542,EUR
2023-09-29,0.9457,EUR
2023-09-28,0.9467,EUR
2023-09-27,0.952,EUR
2023-09-26,0.9457,EUR
2023-09-25,0.9439,EUR
2023-09-22,0.9384,EUR
2023-09-21,0.9379,EUR
2023-09-20,0.9378,EUR
2023-09-19,0.9362,EUR
2023-09-18,0.9351,EUR
2023-09-15,0.9382,EUR
2023-09-14,0.9394,EUR
2023-09-13,0.932,EUR
2023-09-12,0.9296,EUR
2023-09-11,0.9301,EUR
2023-09-08,0.9344,EUR
2023-09-07,0.9343,EUR
2023-09-06,0.9321,EUR
2023-09-05,0.9319,EUR
2023-09-04,0.9264,EUR
2023-09-01,0.9279,EUR
2023-08-31,0.9221,EUR
2023-08-30,0.9151,EUR
2023-08-29,0.9189,EUR
2023-08-28,0.9241,EUR
2023-08-25,0.9256,EUR
2023-08-24,0.9248,EUR
2023-08-23,0.9206,EUR
2023-08-22,0.9218,EUR
2023-08-21,0.9179,EUR
2023-08-18,0.9199,EUR
2023-08-17,0.9195,EUR
2023-08-16,0.9191,EUR
2023-08-15,0.9169,EUR
2023-08-14,0.9168,EUR
2023-08-11,0.9134,EUR
2023-08-10,0.9105,EUR
2023-08-09,0.911,EUR
2023-08-08,0.9126,EUR
2023-08-07,0.9084,EUR
2023-08-04,0.9081,EUR
2023-08-03,0.9134,EUR
2023-08-02,0.9141,EUR
2023-08-01,0.9102,EUR
2023-07-31,0.9093,EUR
2023-07-28,0.9077,EUR
2023-07-27,0.911,EUR
2023-07-26,0.902,EUR
2023-07-25,0.9044,EUR
2023-07-24,0.9037,EUR
2023-07-21,0.8989,EUR
2023-07-20,0.8983,EUR
2023-07-19,0.8927,EUR
2023-07-18,0.8906,EUR
2023-07-17,0.8898,EUR
2023-07-14,0.8904,EUR
2023-07-13,0.8906,EUR
2023-07-12,0.8983,EUR
2023-07-11,0.9083,EUR
2023-07-10,0.9088,EUR
2023-07-07,0.9115,EUR
2023-07-06,0.9182,EUR
2023-07-05,0.9211,EUR
2023-07-04,0.919,EUR
2023-07-03,0.9163,EUR
2023-06-30,0.9163,EUR
2023-06-29,0.9201,EUR
2023-06-28,0.9162,EUR
2023-06-27,0.9122,EUR
2023-06-26,0.9168,EUR
2023-06-23,0.918,EUR
2023-06-22,0.9125,EUR
2023-06-21,0.9101,EUR
2023-06-20,0.9158,EUR
2023-06-19,0.9154,EUR
2023-06-16,0.914,EUR
2023-06-15,0.9135,EUR
2023-06-14,0.9229,EUR
2023-06-13,0.9264,EUR
2023-06-12,0.9295,EUR
2023-06-09,0.9301,EUR
2023-06-08,0.9272,EUR
2023-06-07,0.9345,EUR
2023-06-06,0.9351,EUR
2023-06-05,0.9332,EUR
2023-06-02,0.9337,EUR
2023-06-01,0.929,EUR
2023-05-31,0.9353,EUR
2023-05-30,0.9314,EUR
2023-05-29,0.9338,EUR
2023-05-26,0.9323,EUR
2023-05-25,0.9326,EUR
2023-05-24,0.9301,EUR
2023-05-23,0.9284,EUR
2023-05-22,0.9246,EUR
2023-05-19,0.9254,EUR
2023-05-18,0.9282,EUR
2023-05-17,0.9223,EUR
2023-05-16,0.9204,EUR
2023-05-15,0.9195,EUR
2023-05-12,0.9215,EUR
2023-05-11,0.9158,EUR
2023-05-10,0.9104,EUR
2023-05-09,0.9121,EUR
2023-05-08,0.9084,EUR
2023-05-05,0.9074,EUR
2023-05-04,0.9079,EUR
2023-05-03,0.9039,EUR
2023-05-02,0.9088,EUR
2023-05-01,0.9108,EUR
2023-04-28,0.9071,EUR
2023-04-27,0.9065,EUR
2023-04-26,0.9055,EUR
2023-04-25,0.9113,EUR
2023-04-24,0.9054,EUR
2023-04-21,0.9098,EUR
2023-04-20,0.9115,EUR
2023-04-19,0.9127,EUR
2023-04-18,0.9112,EUR
2023-04-17,0.9151,EUR
2023-04-14,0.9088,EUR
2023-04-13,0.9054,EUR
2023-04-12,0.9097,EUR
2023-04-11,0.9162,EUR
2023-04-10,0.9206,EUR
2023-04-07,0.9173,EUR
2023-04-06,0.9153,EUR
2023-04-05,0.9168,EUR
2023-04-04,0.9129,EUR
2023-04-03,0.9176,EUR
2023-03-31,0.9223,EUR
2023-03-30,0.917,EUR
2023-03-29,0.9219,EUR
2023-03-28,0.9221,EUR
2023-03-27,0.926,EUR
2023-03-24,0.9291,EUR
2023-03-23,0.923,EUR
2023-03-22,0.9209,EUR
2023-03-21,0.9283,EUR
2023-03-20,0.9326,EUR
2023-03-17,0.9372,EUR
2023-03-16,0.9426,EUR
2023-03-15,0.9453,EUR
2023-03-14,0.9317,EUR
2023-03-13,0.9317,EUR
2023-03-10,0.9394,EUR
2023-03-09,0.9448,EUR
2023-03-08,0.948,EUR
2023-03-07,0.9478,EUR
2023-03-06,0.9363,EUR
2023-03-03,0.9402,EUR
2023-03-02,0.9434,EUR
2023-03-01,0.9371,EUR
2023-02-28,0.9452,EUR
2023-02-27,0.9424,EUR
2023-02-24,0.9479,EUR
2023-02-23,0.9436,EUR
2023-02-22,0.943,EUR
2023-02-21,0.939,EUR
2023-02-20,0.9358,EUR
2023-02-17,0.935,EUR
2023-02-16,0.937,EUR
2023-02-15,0.9354,EUR
2023-02-14,0.9312,EUR
2023-02-13,0.9326,EUR
2023-02-10,0.9362,EUR
2023-02-09,0.9311,EUR
2023-02-08,0.9334,EUR
2023-02-07,0.9321,EUR
2023-02-06,0.9316,EUR
2023-02-03,0.9262,EUR
2023-02-02,0.9163,EUR
2023-02-01,0.9098,EUR
2023-01-31,0.9205,EUR
2023-01-30,0.9218,EUR
2023-01-27,0.9199,EUR
2023-01-26,0.918,EUR
2023-01-25,0.9158,EUR
2023-01-24,0.9189,EUR
2023-01-23,0.9198,EUR
2023-01-20,0.921,EUR
2023-01-19,0.9233,EUR
2023-01-18,0.9263,EUR
2023-01-17,0.9269,EUR
2023-01-16,0.9242,EUR
2023-01-13,0.9232,EUR
2023-01-12,0.9215,EUR
2023-01-11,0.9295,EUR
2023-01-10,0.9313,EUR
2023-01-09,0.9318,EUR
2023-01-06,0.9392,EUR
2023-01-05,0.9502,EUR
2023-01-04,0.9431,EUR
2023-01-03,0.9475,EUR
2023-01-02,0.9376,EUR
2022-12-30,0.9341,EUR
2022-12-29,0.9379,EUR
2022-12-28,0.9422,EUR
2022-12-27,0.9397,EUR
2022-12-26,0.9399,EUR
2022-12-23,0.9418,EUR
2022-12-22,0.9437,EUR
2022-12-21,0.9428,EUR
2022-12-20,0.9413,EUR
2022-12-19,0.9426,EUR
2022-12-16,0.9446,EUR
2022-12-15,0.9407,EUR
2022-12-14,0.9361,EUR
2022-12-13,0.9404,EUR
2022-12-12,0.9489,EUR
2022-12-09,0.9493,EUR
2022-12-08,0.9471,EUR
2022-12-07,0.9517,EUR
2022-12-06,0.955,EUR
2022-12-05,0.953,EUR
2022-12-02,0.9486,EUR
2022-12-01,0.95,EUR
2022-11-30,0.9607,EUR
2022-11-29,0.968,EUR
2022-11-28,0.967,EUR
2022-11-25,0.9616,EUR
2022-11-24,0.9606,EUR
2022-11-23,0.9617,EUR
2022-11-22,0.9703,EUR
2022-11-21,0.9761,EUR
2022-11-18,0.9685,EUR
2022-11-17,0.9649,EUR
2022-11-16,0.9619,EUR
2022-11-15,0.9661,EUR
2022-11-14,0.9681,EUR
2022-11-11,0.9656,EUR
2022-11-10,0.9794,EUR
2022-11-09,0.9984,EUR
2022-11-08,0.9925,EUR
2022-11-07,0.9977,EUR
2022-11-04,1.0036,EUR
2022-11-03,1.0251,EUR
2022-11-02,1.0182,EUR
2022-11-01,1.0127,EUR
2022-10-31,1.0114,EUR
2022-10-28,1.0033,EUR
2022-10-27,1.0034,EUR
2022-10-26,0.992,EUR
2022-10-25,1.0032,EUR
2022-10-24,1.0126,EUR
2022-10-21,1.0138,EUR
2022-10-20,1.0218,EUR
2022-10-19,1.023,EUR
2022-10-18,1.0145,EUR
2022-10-17,1.0161,EUR
2022-10-14,1.0285,EUR
2022-10-13,1.0228,EUR
2022-10-12,1.0301,EUR
2022-10-11,1.0302,EUR
2022-10-10,1.0306,EUR
2022-10-07,1.0262,EUR
2022-10-06,1.0211,EUR
2022-10-05,1.0117,EUR
2022-10-04,1.0013,EUR
2022-10-03,1.0175,EUR
2022-09-30,1.0201,EUR
2022-09-29,1.0185,EUR
2022-09-28,1.027,EUR
2022-09-27,1.0421,EUR
2022-09-26,1.0405,EUR
2022-09-23,1.0316,EUR
2022-09-22,1.0167,EUR
2022-09-21,1.0164,EUR
2022-09-20,1.0027,EUR
2022-09-19,0.9975,EUR
2022-09-16,0.9981,EUR
2022-09-15,0.9996,EUR
2022-09-14,1.0016,EUR
2022-09-13,1.0028,EUR
2022-09-12,0.9879,EUR
2022-09-09,0.9957,EUR
2022-09-08,1.0001,EUR
2022-09-07,0.9996,EUR
2022-09-06,1.0094,EUR
2022-09-05,1.0069,EUR
2022-09-02,1.0045,EUR
2022-09-01,1.0053,EUR
2022-08-31,0.9939,EUR
2022-08-30,0.9984,EUR
2022-08-29,1.0001,EUR
2022-08-26,1.0035,EUR
2022-08-25,1.0024,EUR
2022-08-24,1.0031,EUR
2022-08-23,1.0029,EUR
2022-08-22,1.0056,EUR
2022-08-19,0.9962,EUR
2022-08-18,0.9909,EUR
2022-08-17,0.982,EUR
2022-08-16,0.9829,EUR
2022-08-15,0.9839,EUR
2022-08-12,0.9745,EUR
2022-08-11,0.969,EUR
2022-08-10,0.9708,EUR
2022-08-09,0.979,EUR
2022-08-08,0.9805,EUR
2022-08-05,0.9818,EUR
2022-08-04,0.9759,EUR
2022-08-03,0.9836,EUR
2022-08-02,0.9836,EUR
2022-08-01,0.9742,EUR
2022-07-29,0.9783,EUR
2022-07-28,0.9806,EUR
2022-07-27,0.9798,EUR
2022-07-26,0.9883,EUR
2022-07-25,0.9781,EUR
2022-07-22,0.979,EUR
2022-07-21,0.9773,EUR
2022-07-20,0.9822,EUR
2022-07-19,0.9777,EUR
2022-07-18,0.9858,EUR
2022-07-15,0.991,EUR
2022-07-14,0.998,EUR
2022-07-13,0.9936,EUR
2022-07-12,0.9959,EUR
2022-07-11,0.9957,EUR
2022-07-08,0.9816,EUR
2022-07-07,0.984,EUR
2022-07-06,0.982,EUR
2022-07-05,0.9737,EUR
2022-07-04,0.9592,EUR
2022-07-01,0.9588,EUR
2022-06-30,0.9537,EUR
2022-06-29,0.9576,EUR
2022-06-28,0.9505,EUR
2022-06-27,0.9447,EUR
2022-06-24,0.9471,EUR
2022-06-23,0.9498,EUR
2022-06-22,0.9463,EUR
2022-06-21,0.9498,EUR
2022-06-20,0.9512,EUR
2022-06-17,0.9522,EUR
2022-06-16,0.9477,EUR
2022-06-15,0.9573,EUR
2022-06-14,0.9598,EUR
2022-06-13,0.9607,EUR
2022-06-10,0.9507,EUR
2022-06-09,0.9418,EUR
2022-06-08,0.933,EUR
2022-06-07,0.9343,EUR
2022-06-06,0.9349,EUR
2022-06-03,0.9327,EUR
2022-06-02,0.9302,EUR
2022-06-01,0.9388,EUR
2022-05-31,0.9314,EUR
2022-05-30,0.9276,EUR
2022-05-27,0.9319,EUR
2022-05-26,0.9321,EUR
2022-05-25,0.936,EUR
2022-05-24,0.9314,EUR
2022-05-23,0.9352,EUR
2022-05-20,0.9466,EUR
2022-05-19,0.9442,EUR
2022-05-18,0.9551,EUR
2022-05-17,0.9478,EUR
2022-05-16,0.9583,EUR
2022-05-13,0.9602,EUR
2022-05-12,0.9633,EUR
2022-05-11,0.951,EUR
2022-05-10,0.9496,EUR
2022-05-09,0.9471,EUR
2022-05-06,0.9474,EUR
2022-05-05,0.9484,EUR
2022-05-04,0.9412,EUR
2022-05-03,0.9502,EUR
2022-05-02,0.9518,EUR
2022-04-29,0.9483,EUR
2022-04-28,0.9522,EUR
2022-04-27,0.9471,EUR
2022-04-26,0.9399,EUR
2022-04-25,0.9333,EUR
2022-04-22,0.9263,EUR
2022-04-21,0.9225,EUR
2022-04-20,0.9212,EUR
2022-04-19,0.9268,EUR
2022-04-18,0.9273,EUR
2022-04-15,0.9251,EUR
2022-04-14,0.9233,EUR
2022-04-13,0.9184,EUR
2022-04-12,0.9234,EUR
2022-04-11,0.9188,EUR
2022-04-08,0.9191,EUR
2022-04-07,0.9191,EUR
2022-04-06,0.9176,EUR
2022-04-05,0.9168,EUR
2022-04-04,0.9112,EUR
2022-04-01,0.9044,EUR
2022-03-31,0.9034,EUR
2022-03-30,0.896,EUR
2022-03-29,0.9018,EUR
2022-03-28,0.9106,EUR
2022-03-25,0.9103,EUR
2022-03-24,0.9092,EUR
2022-03-23,0.9086,EUR
2022-03-22,0.9065,EUR
2022-03-21,0.9076,EUR
2022-03-18,0.9049,EUR
2022-03-17,0.9015,EUR
2022-03-16,0.9063,EUR
2022-03-15,0.9128,EUR
2022-03-14,0.914,EUR
2022-03-11,0.9163,EUR
2022-03-10,0.9102,EUR
2022-03-09,0.9027,EUR
2022-03-08,0.9172,EUR
2022-03-07,0.9211,EUR
2022-03-04,0.9151,EUR
2022-03-03,0.9035,EUR
2022-03-02,0.899,EUR
2022-03-01,0.8986,EUR
2022-02-28,0.891,EUR
2022-02-25,0.8872,EUR
2022-02-24,0.8933,EUR
2022-02-23,0.8839,EUR
2022-02-22,0.8828,EUR
2022-02-21,0.884,EUR
2022-02-18,0.883,EUR
2022-02-17,0.8801,EUR
2022-02-16,0.8791,EUR
2022-02-15,0.8803,EUR
2022-02-14,0.8843,EUR
2022-02-11,0.8808,EUR
2022-02-10,0.875,EUR
2022-02-09,0.8752,EUR
2022-02-08,0.876,EUR
2022-02-07,0.8739,EUR
2022-02-04,0.8734,EUR
2022-02-03,0.874,EUR
2022-02-02,0.8845,EUR
2022-02-01,0.8871,EUR
2022-01-31,0.8899,EUR
2022-01-28,0.8971,EUR
2022-01-27,0.8971,EUR
2022-01-26,0.8896,EUR
2022-01-25,0.8847,EUR
2022-01-24,0.8828,EUR
2022-01-21,0.8815,EUR
2022-01-20,0.8839,EUR
2022-01-19,0.8815,EUR
2022-01-18,0.8827,EUR
2022-01-17,0.8763,EUR
2022-01-14,0.8758,EUR
2022-01-13,0.8728,EUR
2022-01-12,0.8737,EUR
2022-01-11,0.8797,EUR
2022-01-10,0.8828,EUR
2022-01-07,0.88,EUR
2022-01-06,0.8853,EUR
2022-01-05,0.8836,EUR
2022-01-04,0.8858,EUR
2022-01-03,0.8851,EUR
2021-12-31,0.8794,EUR
2021-12-30,0.8829,EUR
2021-12-29,0.8809,EUR
2021-12-28,0.8839,EUR
2021-12-27,0.8826,EUR
2021-12-24,0.8833,EUR
2021-12-23,0.8826,EUR
2021-12-22,0.8828,EUR
2021-12-21,0.886,EUR
2021-12-20,0.8866,EUR
2021-12-17,0.8895,EUR
2021-12-16,0.8825,EUR
2021-12-15,0.8858,EUR
2021-12-14,0.888,EUR
2021-12-13,0.8861,EUR
2021-12-10,0.8838,EUR
2021-12-09,0.8854,EUR
2021-12-08,0.8816,EUR
2021-12-07,0.8874,EUR
2021-12-06,0.8859,EUR
2021-12-03,0.8836,EUR
2021-12-02,0.8847,EUR
2021-12-01,0.8833,EUR
2021-11-30,0.8819,EUR
2021-11-29,0.8855,EUR
2021-11-26,0.8833,EUR
2021-11-25,0.8921,EUR
2021-11-24,0.8929,EUR
2021-11-23,0.8889,EUR
2021-11-22,0.8898,EUR
2021-11-19,0.8857,EUR
2021-11-18,0.8793,EUR
2021-11-17,0.8834,EUR
2021-11-16,0.8832,EUR
2021-11-15,0.8794,EUR
2021-11-12,0.8731,EUR
2021-11-11,0.8732,EUR
2021-11-10,0.8709,EUR
2021-11-09,0.8624,EUR
2021-11-08,0.8628,EUR
2021-11-05,0.8644,EUR
2021-11-04,0.8654,EUR
2021-11-03,0.861,EUR
2021-11-02,0.8635,EUR
2021-11-01,0.8615,EUR
2021-10-29,0.8647,EUR
2021-10-28,0.8559,EUR
2021-10-27,0.8615,EUR
2021-10-26,0.8623,EUR
2021-10-25,0.8613,EUR
2021-10-22,0.8583,EUR
2021-10-21,0.8602,EUR
2021-10-20,0.8581,EUR
2021-10-19,0.8594,EUR
2021-10-18,0.8611,EUR
2021-10-15,0.8619,EUR
2021-10-14,0.8622,EUR
2021-10-13,0.8625,EUR
2021-10-12,0.8672,EUR
2021-10-11,0.8656,EUR
2021-10-08,0.8642,EUR
2021-10-07,0.8655,EUR
2021-10-06,0.8651,EUR
2021-10-05,0.8621,EUR
2021-10-04,0.8603,EUR
2021-10-01,0.8622,EUR
2021-09-30,0.8632,EUR
2021-09-29,0.8621,EUR
2021-09-28,0.8558,EUR
2021-09-27,0.8549,EUR
2021-09-24,0.8534,EUR
2021-09-23,0.8518,EUR
2021-09-22,0.8554,EUR
2021-09-21,0.8527,EUR
2021-09-20,0.8526,EUR
2021-09-17,0.8526,EUR
2021-09-16,0.8498,EUR
2021-09-15,0.8461,EUR
2021-09-14,0.847,EUR
2021-09-13,0.8466,EUR
2021-09-10,0.8463,EUR
2021-09-09,0.8455,EUR
2021-09-08,0.8462,EUR
2021-09-07,0.8445,EUR
2021-09-06,0.8423,EUR
2021-09-03,0.8415,EUR
2021-09-02,0.842,EUR
2021-09-01,0.8446,EUR
2021-08-31,0.8467,EUR
2021-08-30,0.8475,EUR
2021-08-27,0.8477,EUR
2021-08-26,0.8508,EUR
2021-08-25,0.8493,EUR
2021-08-24,0.8506,EUR
2021-08-23,0.8513,EUR
2021-08-20,0.8548,EUR
2021-08-19,0.8563,EUR
2021-08-18,0.8537,EUR
2021-08-17,0.8539,EUR
2021-08-16,0.8488,EUR
2021-08-13,0.8478,EUR
2021-08-12,0.8524,EUR
2021-08-11,0.8517,EUR
2021-08-10,0.8531,EUR
2021-08-09,0.8517,EUR
2021-08-06,0.8501,EUR
2021-08-05,0.8449,EUR
2021-08-04,0.8447,EUR
2021-08-03,0.8429,EUR
2021-08-02,0.8424,EUR
2021-07-30,0.8423,EUR
2021-07-29,0.841,EUR
2021-07-28,0.8442,EUR
2021-07-27,0.8462,EUR
2021-07-26,0.8472,EUR
2021-07-23,0.8493,EUR
2021-07-22,0.8495,EUR
2021-07-21,0.8477,EUR
2021-07-20,0.8487,EUR
2021-07-19,0.8473,EUR
2021-07-16,0.8468,EUR
2021-07-15,0.8463,EUR
2021-07-14,0.8447,EUR
2021-07-13,0.849,EUR
2021-07-12,0.843,EUR
2021-07-09,0.842,EUR
2021-07-08,0.8442,EUR
2021-07-07,0.848,EUR
2021-07-06,0.8456,EUR
2021-07-05,0.8428,EUR
2021-07-02,0.8426,EUR
2021-07-01,0.8437,EUR
2021-06-30,0.8433,EUR
2021-06-29,0.8404,EUR
2021-06-28,0.8384,EUR
2021-06-25,0.8377,EUR
2021-06-24,0.8379,EUR
2021-06-23,0.8384,EUR
2021-06-22,0.8374,EUR
2021-06-21,0.8391,EUR
2021-06-18,0.8429,EUR
2021-06-17,0.8396,EUR
2021-06-16,0.8337,EUR
2021-06-15,0.8245,EUR
2021-06-14,0.825,EUR
2021-06-11,0.8258,EUR
2021-06-10,0.8215,EUR
2021-06-09,0.8209,EUR
2021-06-08,0.8214,EUR
2021-06-07,0.8203,EUR
2021-06-04,0.8218,EUR
2021-06-03,0.8245,EUR
2021-06-02,0.8188,EUR
2021-06-01,0.8187,EUR
2021-05-31,0.8177,EUR
2021-05-28,0.82,EUR
2021-05-27,0.8199,EUR
2021-05-26,0.8201,EUR
2021-05-25,0.8161,EUR
2021-05-24,0.8186,EUR
2021-05-21,0.8208,EUR
2021-05-20,0.8177,EUR
2021-05-19,0.8213,EUR
2021-05-18,0.8181,EUR
2021-05-17,0.8227,EUR
2021-05-14,0.8235,EUR
2021-05-13,0.8277,EUR
2021-05-12,0.8282,EUR
2021-05-11,0.823,EUR
2021-05-10,0.8243,EUR
2021-05-07,0.822,EUR
2021-05-06,0.8286,EUR
2021-05-05,0.8328,EUR
2021-05-04,0.8322,EUR
2021-05-03,0.8288,EUR
2021-04-30,0.8318,EUR
2021-04-29,0.8249,EUR
2021-04-28,0.8246,EUR
2021-04-27,0.8269,EUR
2021-04-26,0.8276,EUR
2021-04-23,0.8264,EUR
2021-04-22,0.8322,EUR
2021-04-21,0.8308,EUR
2021-04-20,0.8308,EUR
2021-04-19,0.8308,EUR
2021-04-16,0.8342,EUR
2021-04-15,0.8355,EUR
2021-04-14,0.8346,EUR
2021-04-13,0.8368,EUR
2021-04-12,0.8394,EUR
2021-04-09,0.84,EUR
2021-04-08,0.8393,EUR
2021-04-07,0.8422,EUR
2021-04-06,0.8419,EUR
2021-04-05,0.8464,EUR
2021-04-02,0.8499,EUR
2021-04-01,0.849,EUR
2021-03-31,0.8524,EUR
2021-03-30,0.8534,EUR
2021-03-29,0.8499,EUR
2021-03-26,0.8478,EUR
2021-03-25,0.85,EUR
2021-03-24,0.8465,EUR
2021-03-23,0.8437,EUR
2021-03-22,0.8377,EUR
2021-03-19,0.84,EUR
2021-03-18,0.8392,EUR
2021-03-17,0.8347,EUR
2021-03-16,0.8401,EUR
2021-03-15,0.8381,EUR
2021-03-12,0.8364,EUR
2021-03-11,0.8342,EUR
2021-03-10,0.8383,EUR
2021-03-09,0.8402,EUR
2021-03-08,0.8441,EUR
2021-03-05,0.839,EUR
2021-03-04,0.8354,EUR
2021-03-03,0.8288,EUR
2021-03-02,0.8269,EUR
2021-03-01,0.8298,EUR
2021-02-26,0.828,EUR
2021-02-25,0.8211,EUR
2021-02-24,0.822,EUR
2021-02-23,0.823,EUR
2021-02-22,0.8225,EUR
2021-02-19,0.825,EUR
2021-02-18,0.827,EUR
2021-02-17,0.8306,EUR
2021-02-16,0.8258,EUR
2021-02-15,0.8243,EUR
2021-02-12,0.8249,EUR
2021-02-11,0.8243,EUR
2021-02-10,0.8251,EUR
2021-02-09,0.825,EUR
2021-02-08,0.8299,EUR
2021-02-05,0.8302,EUR
2021-02-04,0.8359,EUR
2021-02-03,0.831,EUR
2021-02-02,0.8302,EUR
2021-02-01,0.8291,EUR
2021-01-29,0.8239,EUR
2021-01-28,0.8247,EUR
2021-01-27,0.8256,EUR
2021-01-26,0.8222,EUR
2021-01-25,0.8237,EUR
2021-01-22,0.8218,EUR
2021-01-21,0.822,EUR
2021-01-20,0.8259,EUR
2021-01-19,0.8244,EUR
2021-01-18,0.8278,EUR
2021-01-15,0.8277,EUR
2021-01-14,0.8224,EUR
2021-01-13,0.8225,EUR
2021-01-12,0.8191,EUR
2021-01-11,0.8228,EUR
2021-01-08,0.8183,EUR
2021-01-07,0.8147,EUR
2021-01-06,0.8111,EUR
2021-01-05,0.813,EUR
2021-01-04,0.8162,EUR
2021-01-01,0.8213,EUR
2020-12-31,0.8185,EUR
2020-12-30,0.8131,EUR
2020-12-29,0.8163,EUR
2020-12-28,0.8184,EUR
2020-12-25,0.8191,EUR
2020-12-24,0.8205,EUR
2020-12-23,0.8204,EUR
2020-12-22,0.822,EUR
2020-12-21,0.8167,EUR
2020-12-18,0.8157,EUR
2020-12-17,0.815,EUR
2020-12-16,0.8196,EUR
2020-12-15,0.8227,EUR
2020-12-14,0.8233,EUR
2020-12-11,0.8254,EUR
2020-12-10,0.8237,EUR
2020-12-09,0.8276,EUR
2020-12-08,0.8261,EUR
2020-12-07,0.8257,EUR
2020-12-04,0.8248,EUR
2020-12-03,0.8234,EUR
2020-12-02,0.8253,EUR
2020-12-01,0.8284,EUR
2020-11-30,0.8381,EUR
2020-11-27,0.8358,EUR
2020-11-26,0.8392,EUR
2020-11-25,0.8392,EUR
2020-11-24,0.8408,EUR
2020-11-23,0.8445,EUR
2020-11-20,0.8434,EUR
2020-11-19,0.842,EUR
2020-11-18,0.8435,EUR
2020-11-17,0.8428,EUR
2020-11-16,0.8435,EUR
2020-11-13,0.8449,EUR
2020-11-12,0.8469,EUR
2020-11-11,0.849,EUR
2020-11-10,0.8462,EUR
2020-11-09,0.8464,EUR
2020-11-06,0.842,EUR
2020-11-05,0.8454,EUR
2020-11-04,0.8527,EUR
2020-11-03,0.8534,EUR
2020-11-02,0.8589,EUR
2020-10-30,0.8583,EUR
2020-10-29,0.8565,EUR
2020-10-28,0.8514,EUR
2020-10-27,0.8477,EUR
2020-10-26,0.8467,EUR
2020-10-23,0.843,EUR
2020-10-22,0.846,EUR
2020-10-21,0.843,EUR
2020-10-20,0.8457,EUR
2020-10-19,0.8498,EUR
2020-10-16,0.8532,EUR
2020-10-15,0.854,EUR
2020-10-14,0.8512,EUR
2020-10-13,0.8512,EUR
2020-10-12,0.8464,EUR
2020-10-09,0.8455,EUR
2020-10-08,0.8503,EUR
2020-10-07,0.8501,EUR
2020-10-06,0.8521,EUR
2020-10-05,0.8485,EUR
2020-10-02,0.8534,EUR
2020-10-01,0.851,EUR
2020-09-30,0.8531,EUR
2020-09-29,0.8514,EUR
2020-09-28,0.857,EUR
2020-09-25,0.8595,EUR
2020-09-24,0.8565,EUR
2020-09-23,0.8574,EUR
2020-09-22,0.854,EUR
2020-09-21,0.8494,EUR
2020-09-18,0.8445,EUR
2020-09-17,0.8439,EUR
2020-09-16,0.8462,EUR
2020-09-15,0.844,EUR
2020-09-14,0.8425,EUR
2020-09-11,0.844,EUR
2020-09-10,0.8462,EUR
2020-09-09,0.8472,EUR
2020-09-08,0.849,EUR
2020-09-07,0.8461,EUR
2020-09-04,0.8445,EUR
2020-09-03,0.8437,EUR
2020-09-02,0.8434,EUR
2020-09-01,0.8393,EUR
2020-08-31,0.8377,EUR
2020-08-28,0.8398,EUR
2020-08-27,0.8458,EUR
2020-08-26,0.8452,EUR
2020-08-25,0.8449,EUR
2020-08-24,0.8482,EUR
2020-08-21,0.8475,EUR
2020-08-20,0.843,EUR
2020-08-19,0.8447,EUR
2020-08-18,0.8381,EUR
2020-08-17,0.8424,EUR
2020-08-14,0.8443,EUR
2020-08-13,0.8463,EUR
2020-08-12,0.8485,EUR
2020-08-11,0.8517,EUR
2020-08-10,0.8518,EUR
2020-08-07,0.8482,EUR
2020-08-06,0.8419,EUR
2020-08-05,0.8428,EUR
2020-08-04,0.8471,EUR
2020-08-03,0.85,EUR
2020-07-31,0.8488,EUR
2020-07-30,0.844,EUR
2020-07-29,0.8479,EUR
2020-07-28,0.8534,EUR
2020-07-27,0.8509,EUR
2020-07-24,0.8578,EUR
2020-07-23,0.8622,EUR
2020-07-22,0.8642,EUR
2020-07-21,0.8674,EUR
2020-07-20,0.8735,EUR
2020-07-17,0.8749,EUR
2020-07-16,0.8783,EUR
2020-07-15,0.8762,EUR
2020-07-14,0.8772,EUR
2020-07-13,0.8814,EUR
2020-07-10,0.8848,EUR
2020-07-09,0.8861,EUR
2020-07-08,0.8825,EUR
2020-07-07,0.887,EUR
2020-07-06,0.8842,EUR
2020-07-03,0.8889,EUR
2020-07-02,0.8897,EUR
2020-07-01,0.8886,EUR
2020-06-30,0.8901,EUR
2020-06-29,0.8894,EUR
2020-06-26,0.8912,EUR
2020-06-25,0.8913,EUR
2020-06-24,0.8887,EUR
2020-06-23,0.8842,EUR
2020-06-22,0.8879,EUR
2020-06-19,0.8945,EUR
2020-06-18,0.8925,EUR
2020-06-17,0.8892,EUR
2020-06-16,0.8876,EUR
2020-06-15,0.883,EUR
2020-06-12,0.8883,EUR
2020-06-11,0.8849,EUR
2020-06-10,0.8793,EUR
2020-06-09,0.8818,EUR
2020-06-08,0.8853,EUR
2020-06-05,0.8859,EUR
2020-06-04,0.8818,EUR
2020-06-03,0.89,EUR
2020-06-02,0.895,EUR
2020-06-01,0.898,EUR
2020-05-29,0.9009,EUR
2020-05-28,0.9026,EUR
2020-05-27,0.9085,EUR
2020-05-26,0.9105,EUR
2020-05-25,0.9173,EUR
2020-05-22,0.9172,EUR
2020-05-21,0.9131,EUR
2020-05-20,0.9107,EUR
2020-05-19,0.9153,EUR
2020-05-18,0.9163,EUR
2020-05-15,0.9245,EUR
2020-05-14,0.9254,EUR
2020-05-13,0.9243,EUR
2020-05-12,0.9217,EUR
2020-05-11,0.9251,EUR
2020-05-08,0.9224,EUR
2020-05-07,0.9228,EUR
2020-05-06,0.9263,EUR
2020-05-05,0.9227,EUR
2020-05-04,0.9166,EUR
2020-05-01,0.9105,EUR
2020-04-30,0.9125,EUR
2020-04-29,0.9194,EUR
2020-04-28,0.924,EUR
2020-04-27,0.9232,EUR
2020-04-24,0.9239,EUR
2020-04-23,0.9276,EUR
2020-04-22,0.9239,EUR
2020-04-21,0.9208,EUR
2020-04-20,0.9205,EUR
2020-04-17,0.9195,EUR
2020-04-16,0.9226,EUR
2020-04-15,0.9165,EUR
2020-04-14,0.9105,EUR
2020-04-13,0.9161,EUR
2020-04-10,0.9142,EUR
2020-04-09,0.9148,EUR
2020-04-08,0.9208,EUR
2020-04-07,0.918,EUR
2020-04-06,0.9264,EUR
2020-04-03,0.9251,EUR
2020-04-02,0.9208,EUR
2020-04-01,0.9119,EUR
2020-03-31,0.9064,EUR
2020-03-30,0.905,EUR
2020-03-27,0.8973,EUR
2020-03-26,0.9065,EUR
2020-03-25,0.9188,EUR
2020-03-24,0.9267,EUR
2020-03-23,0.9324,EUR
2020-03-20,0.9349,EUR
2020-03-19,0.9351,EUR
2020-03-18,0.916,EUR
2020-03-17,0.9093,EUR
2020-03-16,0.8941,EUR
2020-03-13,0.9003,EUR
2020-03-12,0.8939,EUR
2020-03-11,0.8872,EUR
2020-03-10,0.8864,EUR
2020-03-09,0.8733,EUR
2020-03-06,0.886,EUR
2020-03-05,0.8895,EUR
2020-03-04,0.8978,EUR
2020-03-03,0.8949,EUR
2020-03-02,0.898,EUR
2020-02-28,0.9068,EUR
2020-02-27,0.9089,EUR
2020-02-26,0.9189,EUR
2020-02-25,0.9189,EUR
2020-02-24,0.9211,EUR
2020-02-21,0.9219,EUR
2020-02-20,0.9271,EUR
2020-02-19,0.9252,EUR
2020-02-18,0.9265,EUR
2020-02-17,0.9228,EUR
2020-02-14,0.923,EUR
2020-02-13,0.9223,EUR
2020-02-12,0.9195,EUR
2020-02-11,0.9159,EUR
2020-02-10,0.9164,EUR
2020-02-07,0.9135,EUR
2020-02-06,0.9107,EUR
2020-02-05,0.909,EUR
2020-02-04,0.9054,EUR
2020-02-03,0.904,EUR
2020-01-31,0.9013,EUR
2020-01-30,0.9063,EUR
2020-01-29,0.908,EUR
2020-01-28,0.9071,EUR
2020-01-27,0.9074,EUR
2020-01-24,0.9069,EUR
2020-01-23,0.9045,EUR
2020-01-22,0.9013,EUR
2020-01-21,0.902,EUR
2020-01-20,0.9012,EUR
2020-01-17,0.9016,EUR
2020-01-16,0.8977,EUR
2020-01-15,0.8966,EUR
2020-01-14,0.8984,EUR
2020-01-13,0.8979,EUR
2020-01-10,0.899,EUR
2020-01-09,0.9003,EUR
2020-01-08,0.9003,EUR
2020-01-07,0.8964,EUR
2020-01-06,0.8929,EUR
2020-01-03,0.8958,EUR
2020-01-02,0.8949,EUR
2020-01-01,0.8917,EUR
2019-12-31,0.8917,EUR
2019-12-30,0.8928,EUR
2019-12-27,0.8946,EUR
2019-12-26,0.9009,EUR
2019-12-25,0.9015,EUR
2019-12-24,0.9018,EUR
2019-12-23,0.9017,EUR
2019-12-20,0.9025,EUR
2019-12-19,0.899,EUR
2019-12-18,0.8997,EUR
2019-12-17,0.8968,EUR
2019-12-16,0.8972,EUR
2019-12-13,0.899,EUR
2019-12-12,0.8983,EUR
2019-12-11,0.8983,EUR
2019-12-10,0.9014,EUR
2019-12-09,0.9037,EUR
2019-12-06,0.9041,EUR
2019-12-05,0.9005,EUR
2019-12-04,0.9025,EUR
2019-12-03,0.9021,EUR
2019-12-02,0.9024,EUR
2019-11-29,0.9075,EUR
2019-11-28,0.9082,EUR
2019-11-27,0.9091,EUR
2019-11-26,0.9073,EUR
2019-11-25,0.9079,EUR
2019-11-22,0.9069,EUR
2019-11-21,0.9042,EUR
2019-11-20,0.903,EUR
2019-11-19,0.9025,EUR
2019-11-18,0.903,EUR
2019-11-15,0.9046,EUR
2019-11-14,0.907,EUR
2019-11-13,0.9084,EUR
2019-11-12,0.9082,EUR
2019-11-11,0.9063,EUR
2019-11-08,0.9073,EUR
2019-11-07,0.9048,EUR
2019-11-06,0.9037,EUR
2019-11-05,0.9029,EUR
2019-11-04,0.8985,EUR
2019-11-01,0.8953,EUR
2019-10-31,0.8965,EUR
2019-10-30,0.8967,EUR
2019-10-29,0.8998,EUR
2019-10-28,0.9007,EUR
2019-10-25,0.9024,EUR
2019-10-24,0.9005,EUR
2019-10-23,0.8983,EUR
2019-10-22,0.8988,EUR
2019-10-21,0.8969,EUR
2019-10-18,0.895,EUR
2019-10-17,0.8988,EUR
2019-10-16,0.903,EUR
2019-10-15,0.9062,EUR
2019-10-14,0.9066,EUR
2019-10-11,0.9055,EUR
2019-10-10,0.9084,EUR
2019-10-09,0.9113,EUR
2019-10-08,0.9126,EUR
2019-10-07,0.9114,EUR
2019-10-04,0.9107,EUR
2019-10-03,0.9117,EUR
2019-10-02,0.9124,EUR
2019-10-01,0.9146,EUR
2019-09-30,0.9173,EUR
2019-09-27,0.9141,EUR
2019-09-26,0.9155,EUR
2019-09-25,0.9137,EUR
2019-09-24,0.9073,EUR
2019-09-23,0.9095,EUR
2019-09-20,0.9075,EUR
2019-09-19,0.9056,EUR
2019-09-18,0.9065,EUR
2019-09-17,0.903,EUR
2019-09-16,0.9088,EUR
2019-09-13,0.9028,EUR
2019-09-12,0.9038,EUR
2019-09-11,0.9082,EUR
2019-09-10,0.9055,EUR
2019-09-09,0.905,EUR
2019-09-06,0.9065,EUR
2019-09-05,0.9061,EUR
2019-09-04,0.906,EUR
2019-09-03,0.9111,EUR
2019-09-02,0.9116,EUR
2019-08-30,0.9097,EUR
2019-08-29,0.9042,EUR
2019-08-28,0.9027,EUR
2019-08-27,0.9016,EUR
2019-08-26,0.9006,EUR
2019-08-23,0.8973,EUR
2019-08-22,0.9024,EUR
2019-08-21,0.902,EUR
2019-08-20,0.9007,EUR
2019-08-19,0.9025,EUR
2019-08-16,0.9016,EUR
2019-08-15,0.9003,EUR
2019-08-14,0.8977,EUR
2019-08-13,0.8951,EUR
2019-08-12,0.8917,EUR
2019-08-09,0.8927,EUR
2019-08-08,0.8943,EUR
2019-08-07,0.8928,EUR
2019-08-06,0.8927,EUR
2019-08-05,0.8926,EUR
2019-08-02,0.9,EUR
2019-08-01,0.902,EUR
2019-07-31,0.9027,EUR
2019-07-30,0.8963,EUR
2019-07-29,0.8973,EUR
2019-07-26,0.8986,EUR
2019-07-25,0.897,EUR
2019-07-24,0.8976,EUR
2019-07-23,0.8965,EUR
2019-07-22,0.8919,EUR
2019-07-19,0.8909,EUR
2019-07-18,0.8866,EUR
2019-07-17,0.8909,EUR
2019-07-16,0.8918,EUR
2019-07-15,0.8882,EUR
2019-07-12,0.8871,EUR
2019-07-11,0.8885,EUR
2019-07-10,0.8887,EUR
2019-07-09,0.8921,EUR
2019-07-08,0.8916,EUR
2019-07-05,0.8907,EUR
2019-07-04,0.8861,EUR
2019-07-03,0.8866,EUR
2019-07-02,0.886,EUR
2019-07-01,0.8861,EUR
2019-06-28,0.8794,EUR
2019-06-27,0.8795,EUR
2019-06-26,0.8794,EUR
2019-06-25,0.8797,EUR
2019-06-24,0.8772,EUR
2019-06-21,0.8795,EUR
2019-06-20,0.8853,EUR
2019-06-19,0.8906,EUR
2019-06-18,0.8933,EUR
2019-06-17,0.8913,EUR
2019-06-14,0.892,EUR
2019-06-13,0.8866,EUR
2019-06-12,0.8856,EUR
2019-06-11,0.8823,EUR
2019-06-10,0.8836,EUR
2019-06-07,0.8822,EUR
2019-06-06,0.8867,EUR
2019-06-05,0.891,EUR
2019-06-04,0.8887,EUR
2019-06-03,0.8895,EUR
2019-05-31,0.894,EUR
2019-05-30,0.8984,EUR
2019-05-29,0.8982,EUR
2019-05-28,0.896,EUR
2019-05-27,0.8928,EUR
2019-05-24,0.8923,EUR
2019-05-23,0.8944,EUR
2019-05-22,0.8966,EUR
2019-05-21,0.8958,EUR
2019-05-20,0.895,EUR
2019-05-17,0.8961,EUR
2019-05-16,0.8948,EUR
2019-05-15,0.8925,EUR
2019-05-14,0.8917,EUR
2019-05-13,0.8909,EUR
2019-05-10,0.8899,EUR
2019-05-09,0.8914,EUR
2019-05-08,0.8935,EUR
2019-05-07,0.8935,EUR
2019-05-06,0.8928,EUR
2019-05-03,0.8925,EUR
2019-05-02,0.8944,EUR
2019-05-01,0.893,EUR
2019-04-30,0.8916,EUR
2019-04-29,0.8938,EUR
2019-04-26,0.8969,EUR
2019-04-25,0.8981,EUR
2019-04-24,0.8964,EUR
2019-04-23,0.8904,EUR
2019-04-22,0.8879,EUR
2019-04-19,0.8888,EUR
2019-04-18,0.8902,EUR
2019-04-17,0.885,EUR
2019-04-16,0.8864,EUR
2019-04-15,0.884,EUR
2019-04-12,0.8846,EUR
2019-04-11,0.8885,EUR
2019-04-10,0.887,EUR
2019-04-09,0.8879,EUR
2019-04-08,0.8879,EUR
2019-04-05,0.8914,EUR
2019-04-04,0.8911,EUR
2019-04-03,0.8901,EUR
2019-04-02,0.8923,EUR
2019-04-01,0.8917,EUR
2019-03-29,0.8913,EUR
2019-03-28,0.8903,EUR
2019-03-27,0.8892,EUR
2019-03-26,0.8875,EUR
2019-03-25,0.8838,EUR
2019-03-22,0.8838,EUR
2019-03-21,0.879,EUR
2019-03-20,0.876,EUR
2019-03-19,0.8807,EUR
2019-03-18,0.8821,EUR
2019-03-15,0.8829,EUR
2019-03-14,0.8845,EUR
2019-03-13,0.8828,EUR
2019-03-12,0.8857,EUR
2019-03-11,0.8887,EUR
2019-03-08,0.8894,EUR
2019-03-07,0.8932,EUR
2019-03-06,0.8843,EUR
2019-03-05,0.8842,EUR
2019-03-04,0.8817,EUR
2019-03-01,0.8788,EUR
2019-02-28,0.8794,EUR
2019-02-27,0.8795,EUR
2019-02-26,0.8772,EUR
2019-02-25,0.8803,EUR
2019-02-22,0.8814,EUR
2019-02-21,0.882,EUR
2019-02-20,0.8819,EUR
2019-02-19,0.8817,EUR
2019-02-18,0.8839,EUR
2019-02-15,0.8853,EUR
2019-02-14,0.8852,EUR
2019-02-13,0.8879,EUR
2019-02-12,0.8828,EUR
2019-02-11,0.8868,EUR
2019-02-08,0.8824,EUR
2019-02-07,0.8811,EUR
2019-02-06,0.88,EUR
2019-02-05,0.8759,EUR
2019-02-04,0.874,EUR
2019-02-01,0.8728,EUR
2019-01-31,0.8735,EUR
2019-01-30,0.8711,EUR
2019-01-29,0.8746,EUR
2019-01-28,0.875,EUR
2019-01-25,0.8765,EUR
2019-01-24,0.8844,EUR
2019-01-23,0.8786,EUR
2019-01-22,0.8803,EUR
2019-01-21,0.8796,EUR
2019-01-18,0.8799,EUR
2019-01-17,0.8775,EUR
2019-01-16,0.877,EUR
2019-01-15,0.876,EUR
2019-01-14,0.8712,EUR
2019-01-11,0.8718,EUR
2019-01-10,0.8694,EUR
2019-01-09,0.8663,EUR
2019-01-08,0.8738,EUR
2019-01-07,0.8713,EUR
2019-01-04,0.8774,EUR
2019-01-03,0.8775,EUR
2019-01-02,0.8814,EUR
